shortcode,account,url,duration,title,published_datetime,Thumbnail,comment,like,video_play_count,video_view_count,category
CeSekuXlGZX,narasi.tv,https://www.instagram.com/reel/narasi.tv/video/2851475979163166295_6962813839,38.685,"Ternyata bertahan hidup di Jakarta gak semudah yang dibayangkan. Kayanya benar kata pepatah ibukota lebih kejam dari ibu tiri. Setuju? | NamanyaJugaLyfe

#Narasi #JadiPaham #NamanyaJugaLyfe #Relationship #Karir #Startup #JakartaKeras  #NarasiOriginal",2022-06-02 11:01:11,https://instagram.fcgk37-2.fna.fbcdn.net/v/t50.2886-16/285449529_388762983210814_6958690574971421474_n.mp4?efg=eyJ2ZW5jb2RlX3RhZyI6InZ0c192b2RfdXJsZ2VuLjQ4MC5jbGlwcy5iYXNlbGluZSIsInFlX2dyb3VwcyI6IltcImlnX3dlYl9kZWxpdmVyeV92dHNfb3RmXCJdIn0&_nc_ht=instagram.fcgk37-2.fna.fbcdn.net&_nc_cat=110&_nc_ohc=4JXrYJ466YUAX-L8R98&edm=ACHbZRIBAAAA&vs=5078084142308446_247384120&_nc_vs=HBksFQAYJEdEbWRBeEVfSDRUdmsyRUJBQ0xEQjQ4MVBKSmdicV9FQUFBRhUAAsgBABUAGCRHSkl0Q0JHanFEd0xPWmdBQUt6dExGelJBSXg0YnFfRUFBQUYVAgLIAQAoABgAGwAVAAAm6LnE%2Br2u%2BT8VAigCQzMsF0BDUQYk3S8bGBJkYXNoX2Jhc2VsaW5lXzJfdjERAHX%2BBwA%3D&_nc_rid=e8b111c000&ccb=7-5&oe=629C85EF&oh=00_AT93tV-zuJ8OUKQZoEkea_GeF7C33U_X87_EXYrvRw3prg&_nc_sid=4a9e64,5,571,9167,4921,Reels
CeQsLRklDZU,narasi.tv,https://www.instagram.com/reel/narasi.tv/video/2850972852953560660_6962813839,65.736,"Saking viralnya Maudy Ayunda, sampai ada netizen yang book shaming alias nyinyir atas buku-buku bacaannya. Hadehh~ 

Emang baca buku harus genre tertentu aja? 

| Narasi Daily 

@narasinewsroom 

#MaudyAyunda #BookTok #Viral #BookShaming #NarasiDaily #NarasiNewsroom #JadiPaham",2022-06-01 18:31:07,https://instagram.fcgk37-2.fna.fbcdn.net/v/t50.2886-16/284605787_379118084282550_5141063971995594764_n.mp4?efg=eyJ2ZW5jb2RlX3RhZyI6InZ0c192b2RfdXJsZ2VuLjQ4MC5jbGlwcy5iYXNlbGluZSIsInFlX2dyb3VwcyI6IltcImlnX3dlYl9kZWxpdmVyeV92dHNfb3RmXCJdIn0&_nc_ht=instagram.fcgk37-2.fna.fbcdn.net&_nc_cat=106&_nc_ohc=T8ESSxScu9oAX-ydaae&tn=eFLwVbSMUqQ_bHKN&edm=ACHbZRIBAAAA&vs=544351710471896_149483055&_nc_vs=HBksFQAYJEdGdTk5aEMyMkwxT3psZ0JBQXd3VzZweHVsaEhicV9FQUFBRhUAAsgBABUAGCRHQkJBX3hES05iXzVPQWdDQUtuU1lPWEpjUnNCYnFfRUFBQUYVAgLIAQAoABgAGwAVAAAmoP%2FMs8z22D8VAigCQzMsF0BQap%2B%2Bdsi0GBJkYXNoX2Jhc2VsaW5lXzJfdjERAHX%2BBwA%3D&_nc_rid=e8b11b7045&ccb=7-5&oe=629CB6ED&oh=00_AT-Jj_DbgBa3rehD5mrWJzqV1m_YZSO0VWvHp60TYe5n5w&_nc_sid=4a9e64,156,5715,111278,76042,Reels
CeQjy5_FoG1,narasi.tv,https://www.instagram.com/reel/narasi.tv/video/2850935993988972981_6962813839,26.82,"Kenalan sama supermodel, desainer, sekaligus aktivis, Ashley Graham yang semula membenci tubuhnya hingga berbalik menerima dirinya secara utuh dan mengajak perempuan lain di seluruh dunia untuk mencintai diri mereka yang berharga. 

Apa mantra andalanmu? Coba disebut dan diulang sebelum kamu tidur deh. Membantu aku banget loh ini! | WMN by Narasi

@wmnbynarasi 

#BerFlowerBarengWMN #WMNWords #Words #WMNbyNarasi #WMNtribe #AshleyGraham #Afirmasi #Empowerment #SelfLove",2022-06-01 17:08:51,https://instagram.fcgk37-2.fna.fbcdn.net/v/t50.2886-16/284716598_699317911278950_3776509877408059871_n.mp4?efg=eyJ2ZW5jb2RlX3RhZyI6InZ0c192b2RfdXJsZ2VuLjQ4MC5jbGlwcy5iYXNlbGluZSIsInFlX2dyb3VwcyI6IltcImlnX3dlYl9kZWxpdmVyeV92dHNfb3RmXCJdIn0&_nc_ht=instagram.fcgk37-2.fna.fbcdn.net&_nc_cat=102&_nc_ohc=4XkicmS4SuYAX9bZ5w9&edm=ACHbZRIBAAAA&vs=3300947870190496_737707228&_nc_vs=HBksFQAYJEdEWnVfQkJtMWFfakJud0NBTjlScVlXNTIyZzBicV9FQUFBRhUAAsgBABUAGCRHSG9GX2hCbGlXS09uV0VCQUVJWDluQjVYbHQ4YnFfRUFBQUYVAgLIAQAoABgAGwAVAAAmvoaF6YefpEAVAigCQzMsF0A6xBiTdLxqGBJkYXNoX2Jhc2VsaW5lXzJfdjERAHX%2BBwA%3D&_nc_rid=e8b11aaf9b&ccb=7-5&oe=629CEEB6&oh=00_AT9VpwVN7Y7rp40egjCzharW53llIIRpktDxF2-PLK1b9A&_nc_sid=4a9e64,4,874,21497,10130,Reels
CeQdIoAlsAj,narasi.tv,https://www.instagram.com/reel/narasi.tv/video/2850906700189712419_6962813839,60.024,"Walaupun hari libur masih dihubungi boss, aku tetap terima pekerjaan ini demi tabungan Rp 100 juta di umur 25 tahun. Semangat buat kamu sobat hustle. | InMySotoyOpinion 

#Narasi #JadiPaham #IMSO #HustleCulture #WorkHardPlayHard #KerjaKeras #InMySotoyOpinion",2022-06-01 16:11:59,https://instagram.fcgk37-2.fna.fbcdn.net/v/t50.2886-16/285586898_531493718759198_1821708027705483936_n.mp4?efg=eyJ2ZW5jb2RlX3RhZyI6InZ0c192b2RfdXJsZ2VuLjQ4MC5jbGlwcy5iYXNlbGluZSIsInFlX2dyb3VwcyI6IltcImlnX3dlYl9kZWxpdmVyeV92dHNfb3RmXCJdIn0&_nc_ht=instagram.fcgk37-2.fna.fbcdn.net&_nc_cat=102&_nc_ohc=UTPW9HKhmmwAX_DjHan&edm=ACHbZRIBAAAA&vs=721629525547356_387175913&_nc_vs=HBksFQAYJEdOSzFCUkVlbDA0R1pPTUJBS0RpM0tQTUFVZ1picV9FQUFBRhUAAsgBABUAGCRHQmF4QnhIM21Od1Jqb3NCQUZRd2hndmotYlFVYnFfRUFBQUYVAgLIAQAoABgAGwAVAAAmzsO7voG01T8VAigCQzMsF0BN%2B6XjU%2FfPGBJkYXNoX2Jhc2VsaW5lXzJfdjERAHX%2BBwA%3D&_nc_rid=e8b118cabf&ccb=7-5&oe=629CEE61&oh=00_AT-Q60iCDTOXzQuyQ-WjL2zW2_YGcAsyg3t0slBulZ0A6A&_nc_sid=4a9e64,32,2132,51417,25683,Reels
CeQWvxQFqkf,narasi.tv,https://www.instagram.com/reel/narasi.tv/video/2850878603847444767_6962813839,60.117,"Yuk di simak dan diikuti tips kalau kalian baru terima gajian dari si paling bijak ü•≤Siapa tau bisa ikutan bijak ngeHALUnya. Itu keranjang udah pada numpuk, dianggurin aja nih? udah di check out aja kali üòçüëúüí∏ | Get Started

@getstarted.narasi 

#JadiPaham #GetStarted #StartWhereYouAt #Narasi",2022-06-01 15:16:00,https://instagram.fcgk37-1.fna.fbcdn.net/v/t50.2886-16/285205997_544752760388909_5341536505932207342_n.mp4?efg=eyJ2ZW5jb2RlX3RhZyI6InZ0c192b2RfdXJsZ2VuLjQ4MC5jbGlwcy5iYXNlbGluZSIsInFlX2dyb3VwcyI6IltcImlnX3dlYl9kZWxpdmVyeV92dHNfb3RmXCJdIn0&_nc_ht=instagram.fcgk37-1.fna.fbcdn.net&_nc_cat=105&_nc_ohc=TOxZbeHw71wAX8TGkVI&tn=eFLwVbSMUqQ_bHKN&edm=ACHbZRIBAAAA&vs=1070262370368796_1309839491&_nc_vs=HBksFQAYJEdPM2wteEF0LWNVaWNfOEJBTzdVM3NZbTh5QkticV9FQUFBRhUAAsgBABUAGCRHTEhpQlJHTkFYWTZpNGNBQUpfTzJsQmZRd3BFYnFfRUFBQUYVAgLIAQAoABgAGwAVAAAmgtqaw4Ov0T8VAigCQzMsF0BOCHKwIMScGBJkYXNoX2Jhc2VsaW5lXzJfdjERAHX%2BBwA%3D&_nc_rid=e8b11ef19a&ccb=7-5&oe=629C898F&oh=00_AT9zzYNJYjEapjm0GgH0QqYxo5KsJ4MdhGVOB4FhTLrkcg&_nc_sid=4a9e64,6,378,11742,5050,Reels
CeQPkollj_a,narasi.tv,https://www.instagram.com/reel/narasi.tv/video/2850847052304629722_6962813839,56.75,"Apa itu tanggal muda? Abis gajian, eh semenit kemudian abis buat bayar sana sinii. Gini amat nasib jadi Sandwich Generation, mau healing dikit aja ga bisa :(. | InMySotoyOpinion

Saksikan Selengkapnya di Youtube Narasi!

#IMSO #InMySotoyOpinion",2022-06-01 14:13:08,https://instagram.fcgk37-1.fna.fbcdn.net/v/t50.2886-16/10000000_760831811603369_3551101259378285850_n.mp4?efg=eyJ2ZW5jb2RlX3RhZyI6InZ0c192b2RfdXJsZ2VuLjQ4MC5jbGlwcy5iYXNlbGluZSIsInFlX2dyb3VwcyI6IltcImlnX3dlYl9kZWxpdmVyeV92dHNfb3RmXCJdIn0&_nc_ht=instagram.fcgk37-1.fna.fbcdn.net&_nc_cat=105&_nc_ohc=Re_M9AWETnwAX_dQ-Ak&edm=ACHbZRIBAAAA&vs=413508543969717_3524169072&_nc_vs=HBksFQAYJEdJQ1dtQUNwUzkzMV9MTUNBQnBkcl9iSEMwZ3hicV9FQUFBRhUAAsgBABUAGCRHTHg3X3hDejNXTjREOTRCQVB3MHZ5amEwREVPYnFfRUFBQUYVAgLIAQAoABgAGwAVAAAm2o348bqevUAVAigCQzMsF0BMVT987ZFoGBJkYXNoX2Jhc2VsaW5lXzJfdjERAHX%2BBwA%3D&_nc_rid=e8b117a3f2&ccb=7-5&oe=629C7866&oh=00_AT_bSP_pMvAQ1JxrjJU7dPQSqQ7tviQBpNOynmynIhRprA&_nc_sid=4a9e64,127,5731,91205,47828,Reels
CePyOG3lmyh,narasi.tv,https://www.instagram.com/reel/narasi.tv/video/2850717960922098849_6962813839,60.024,"Sekarang jadi paham kan kalau perbedaan itu yang menyatukan kita semua?

Walaupun memiliki latar belakang dan kepercayaan yang berbeda tapi kita tetap satu ‚ÄúBhinneka Tunggal Ika‚Äù. 

Selamat Hari Pancasila!

#JadiPaham #Narasi #HariPancasila",2022-06-01 09:56:54,https://instagram.fcgk37-1.fna.fbcdn.net/v/t50.2886-16/285518249_324503519860179_3836779866662609864_n.mp4?efg=eyJ2ZW5jb2RlX3RhZyI6InZ0c192b2RfdXJsZ2VuLjQ4MC5jbGlwcy5iYXNlbGluZSIsInFlX2dyb3VwcyI6IltcImlnX3dlYl9kZWxpdmVyeV92dHNfb3RmXCJdIn0&_nc_ht=instagram.fcgk37-1.fna.fbcdn.net&_nc_cat=103&_nc_ohc=3CAf-4QT4FEAX-gfpzI&edm=ACHbZRIBAAAA&vs=342466547956533_1752410443&_nc_vs=HBksFQAYJEdLbXBCQkhUbFFkZElpY0JBTWlqeV9uMV9qNDFicV9FQUFBRhUAAsgBABUAGCRHSzk3X3hBOFpWTmFnWUVCQUlRLUFfWXY4dXRHYnFfRUFBQUYVAgLIAQAoABgAGwAVAAAmyuyRy4Lr7D8VAigCQzMsF0BN%2B6XjU%2FfPGBJkYXNoX2Jhc2VsaW5lXzJfdjERAHX%2BBwA%3D&_nc_rid=e8b110fec8&ccb=7-5&oe=629D4699&oh=00_AT89Oj7nTROx4skRdJgd-N5ip437gZoitk7wa19gnIND-g&_nc_sid=4a9e64,4,514,15354,4731,Reels
CeN-rQkFDRb,narasi.tv,https://www.instagram.com/reel/narasi.tv/video/2850209790801753179_6962813839,14.165,"Hayo siapa nih yang relate? 

Perasaan baru aja gajian, tapi abisnya cepet banget kayak numpang lewat. Penyebab ya gak jauh dari tagihan cicilan dan kebutuhan ku yang segunung.‚ò∫Ô∏èüôèüèº

Jadi nikmatin aja deh, yuk!ü§£ | Narasi

#Narasi #JadiPaham",2022-05-31 17:05:35,https://instagram.fcgk37-1.fna.fbcdn.net/v/t50.2886-16/285467519_1733973783614975_3901231607043857803_n.mp4?efg=eyJ2ZW5jb2RlX3RhZyI6InZ0c192b2RfdXJsZ2VuLjQ4MC5jbGlwcy5iYXNlbGluZSIsInFlX2dyb3VwcyI6IltcImlnX3dlYl9kZWxpdmVyeV92dHNfb3RmXCJdIn0&_nc_ht=instagram.fcgk37-1.fna.fbcdn.net&_nc_cat=111&_nc_ohc=xklj9lp5zDwAX8l0fld&edm=ACHbZRIBAAAA&vs=424551002824029_1673924730&_nc_vs=HBksFQAYJEdILWpBeEgtRld3N0Npa0dBSXNkWUJ4NjlTTTJicV9FQUFBRhUAAsgBABUAGCRHQ3gxQXhIdjBnR0RBeWtCQUxQOEEwTlRzSkpsYnFfRUFBQUYVAgLIAQAoABgAGwAVAAAmjpO71PrQ4D8VAigCQzMsF0AsMzMzMzMzGBJkYXNoX2Jhc2VsaW5lXzJfdjERAHX%2BBwA%3D&_nc_rid=e8b11b6bf0&ccb=7-5&oe=629CF9F4&oh=00_AT-wuN_w1dhjIzT-jzdtQDBMh9X8-tzIjO1MTwyxfvJ3Jg&_nc_sid=4a9e64,36,2247,51862,27889,Reels
CeNsX7kFkwu,narasi.tv,https://www.instagram.com/reel/narasi.tv/video/2850129297746054190_6962813839,58.654,"Enggak ngerti lagi deh, uang segitu pertanggung jawabannya lemah. Itu kan uang buat rakyat kurang mampu. Lagian yang terima bansos tapi orang mampu enggak malu apa ya? | InMySotoyOpinion 

#Narasi #JadiPaham #IMSO # #BPK #BangSotoy #BantuanSosial #InMySotoyOpinion",2022-05-31 14:26:24,https://instagram.fcgk37-2.fna.fbcdn.net/v/t50.2886-16/285271138_431701088373528_5395582974471051323_n.mp4?efg=eyJ2ZW5jb2RlX3RhZyI6InZ0c192b2RfdXJsZ2VuLjQ4MC5jbGlwcy5iYXNlbGluZSIsInFlX2dyb3VwcyI6IltcImlnX3dlYl9kZWxpdmVyeV92dHNfb3RmXCJdIn0&_nc_ht=instagram.fcgk37-2.fna.fbcdn.net&_nc_cat=100&_nc_ohc=zqNM7refgGUAX8VR2Zm&tn=eFLwVbSMUqQ_bHKN&edm=ACHbZRIBAAAA&vs=5086662891422144_3837228698&_nc_vs=HBksFQAYJEdHTGtBQkVZaXdVX29ZZ0JBRHNZZnRVZzl1QkticV9FQUFBRhUAAsgBABUAGCRHTk9sQkJIUV9BaEVBWnNBQUlzZmVQa1FWSVlwYnFfRUFBQUYVAgLIAQAoABgAGwAVAAAm1sH82syN%2Bz8VAigCQzMsF0BNTMzMzMzNGBJkYXNoX2Jhc2VsaW5lXzJfdjERAHX%2BBwA%3D&_nc_rid=e8b11cc792&ccb=7-5&oe=629D2FC7&oh=00_AT8j4mEgQZlISS-8pi4_Ite0fyaIgRz8Ktde_CP9eIPSRg&_nc_sid=4a9e64,154,3873,82206,39445,Reels
CeNmtUqFUqV,narasi.tv,https://www.instagram.com/reel/narasi.tv/video/2850104379520141973_6962813839,59.931,"Terima kasih @sakdiyah.maruf sudah menyuarakan ini di Oslo Freedom Forum yang berlangsung pada 23-25 Mei 2022 lalu!

Betapa perempuan butuh RUANG AMAN!!!

Credit: YouTube/Oslo Freedom Forum | WMN by Narasi

@wmnbynarasi 

#BerFlowerBarengWMN #BerFlowerBareng #WMNbyNarasi #WMNtribe #SakdiyahMaruf #Motivasi #WMNWords #WomenEmpowerment #WMNReels",2022-05-31 13:36:55,https://instagram.fcgk37-1.fna.fbcdn.net/v/t50.2886-16/284126070_130004606325203_9074778290871942107_n.mp4?efg=eyJ2ZW5jb2RlX3RhZyI6InZ0c192b2RfdXJsZ2VuLjQ4MC5jbGlwcy5iYXNlbGluZSIsInFlX2dyb3VwcyI6IltcImlnX3dlYl9kZWxpdmVyeV92dHNfb3RmXCJdIn0&_nc_ht=instagram.fcgk37-1.fna.fbcdn.net&_nc_cat=111&_nc_ohc=LQcVK4OprLoAX-JxjJ0&edm=ACHbZRIBAAAA&vs=558526949043201_2778562316&_nc_vs=HBksFQAYJEdIWnI3eERURVdFT1BYWUFBTnM3MlhyR0Z2QjlicV9FQUFBRhUAAsgBABUAGCRHRHJaOXhDdEJjOTdvc2NFQUo2VXd6QUZtWW9EYnFfRUFBQUYVAgLIAQAoABgAGwAVAAAmypjf2Z2%2F3j8VAigCQzMsF0BN7tkWhysCGBJkYXNoX2Jhc2VsaW5lXzJfdjERAHX%2BBwA%3D&_nc_rid=e8b1107c16&ccb=7-5&oe=629D54AE&oh=00_AT9W1XFshRK7Md-zLvmZppVkOxiHFoGYCgy5P-ZKEQZ6Kw&_nc_sid=4a9e64,31,2098,70538,32291,Reels
CeNfkpaF_o0,narasi.tv,https://www.instagram.com/reel/narasi.tv/video/2850072996999592500_6962813839,45.372,"Ngebedain hubungan pertemanan secara profesional dan pribadi emang bagus, sih. Tapi terkadang kemampuan bergibah juga diperlukan biar nggak jadi bahan gibah itu sendiri. Betul apa betul? | Get Started

Inspirasi: @triarona (Tiktok/IG)

@charissaidan @asminurais kolaborator @narasi.ecosystem

@getstarted.narasi 

#kolaborasidinarasi #JadiPaham #GetStarted #StartWhereYouAt #Narasi",2022-05-31 12:34:48,https://instagram.fcgk37-2.fna.fbcdn.net/v/t50.2886-16/284295831_721409878908625_5304287149706628510_n.mp4?efg=eyJ2ZW5jb2RlX3RhZyI6InZ0c192b2RfdXJsZ2VuLjQ4MC5jbGlwcy5iYXNlbGluZSIsInFlX2dyb3VwcyI6IltcImlnX3dlYl9kZWxpdmVyeV92dHNfb3RmXCJdIn0&_nc_ht=instagram.fcgk37-2.fna.fbcdn.net&_nc_cat=101&_nc_ohc=bJugzZI1ckMAX8cL6lo&tn=eFLwVbSMUqQ_bHKN&edm=ACHbZRIBAAAA&vs=1271827203346850_1333304864&_nc_vs=HBksFQAYJEdKY0M4aERSM3BGVEhwQUNBSjdON2pBUG5aeEpicV9FQUFBRhUAAsgBABUAGCRHQ1FYLVJBV3BTd1B0SWNCQU9TY2twSWpQSFk1YnFfRUFBQUYVAgLIAQAoABgAGwAVAAAm6MaG1NCd%2BT8VAigCQzMsF0BGqp%2B%2Bdsi0GBJkYXNoX2Jhc2VsaW5lXzJfdjERAHX%2BBwA%3D&_nc_rid=e8b11feb8b&ccb=7-5&oe=629C418D&oh=00_AT9iinuBgOC2sN7bE1iy-bxYdUImiXTDteEwRw0q4EISoA&_nc_sid=4a9e64,249,10970,215907,112712,Reels
CeNYWwklb_0,narasi.tv,https://www.instagram.com/reel/narasi.tv/video/2850041256293548020_6962813839,41.611,"Nggak salah denger nih? Keseluruhan raw footage film Top Gun: Maverick sampe 800 jam?! Salut deh sama tim editor yang harus sortir gambar sebanyak itu! 

Btw ada fun fact lain nih yang dibocorin sutradara Joe Kosinski tentang alasan timnya memilih untuk nggak pake green screen di film ini. Biar gak kepo sampe kebawa mimpi, mending tonton video selengkapnya di www.narasi.tv atau klik link di bio!

Kalo kamu udah nonton filmnya, share di kolom komen dong review darimu! Aku tunggu~ | Narasi Creative Ecosystem

#Narrative #TopGun #Narasi #JadiPaham",2022-05-31 11:31:22,https://instagram.fcgk37-2.fna.fbcdn.net/v/t50.2886-16/284586285_320082263488790_6434882908441045616_n.mp4?efg=eyJ2ZW5jb2RlX3RhZyI6InZ0c192b2RfdXJsZ2VuLjQ4MC5jbGlwcy5iYXNlbGluZSIsInFlX2dyb3VwcyI6IltcImlnX3dlYl9kZWxpdmVyeV92dHNfb3RmXCJdIn0&_nc_ht=instagram.fcgk37-2.fna.fbcdn.net&_nc_cat=102&_nc_ohc=IFaaOMzqHOoAX-sAM2e&edm=ACHbZRIBAAAA&vs=339246064992800_1549784005&_nc_vs=HBksFQAYJEdDMXg5aEFXT1ozMUhDTUJBSEJxM0dqcFMwMVpicV9FQUFBRhUAAsgBABUAGCRHRzhGQVJGdnQtUjBzczRFQUdDanQ2dzVqUjEzYnFfRUFBQUYVAgLIAQAoABgAGwAVAAAmroK72prB3z8VAigCQzMsF0BExDlYEGJOGBJkYXNoX2Jhc2VsaW5lXzJfdjERAHX%2BBwA%3D&_nc_rid=e8b1159c04&ccb=7-5&oe=629CDF98&oh=00_AT-UC3nSytxz57zFfZbbwmZRaoKMdA8NQEZZCO_Uis6GbA&_nc_sid=4a9e64,1,205,10936,3205,Reels
CeNRXRBFB_e,narasi.tv,https://www.instagram.com/reel/narasi.tv/video/2850010504805752798_6962813839,39.591,"Jawabannya sih gampang ‚ÄòBagi waktu aja, kok‚Äô. Tapi pas dipraktikan kenapa sulit ya? Kamu ngerasain kaya gini? | NamanyaJugaLyfe

 #Narasi #JadiPaham #NamanyaJugaLyfe #Relationship #Pacar #TemanSejati #Sahabat  #NarasiOriginal",2022-05-31 10:31:05,https://instagram.fcgk37-1.fna.fbcdn.net/v/t50.2886-16/284896700_154955513706041_1690224308300199235_n.mp4?efg=eyJ2ZW5jb2RlX3RhZyI6InZ0c192b2RfdXJsZ2VuLjQ4MC5jbGlwcy5iYXNlbGluZSIsInFlX2dyb3VwcyI6IltcImlnX3dlYl9kZWxpdmVyeV92dHNfb3RmXCJdIn0&_nc_ht=instagram.fcgk37-1.fna.fbcdn.net&_nc_cat=105&_nc_ohc=HSIiO2QNj6cAX-XEYIm&edm=ACHbZRIBAAAA&vs=5156652824380560_3051307088&_nc_vs=HBksFQAYJEdMd3RfeEE1dGxsazdvd0FBRU8xOXA0TjRuUVhicV9FQUFBRhUAAsgBABUAGCRHQTVpNHhBNWlselBZb01CQUtaSkJZcVJUcEV5YnFfRUFBQUYVAgLIAQAoABgAGwAVAAAm%2Bq2LlMK46T8VAigCQzMsF0BDxDlYEGJOGBJkYXNoX2Jhc2VsaW5lXzJfdjERAHX%2BBwA%3D&_nc_rid=2c231aad42&ccb=7-5&oe=629D3DB9&oh=00_AT-szURX7u3kqeXhoQQJ4f5AcJFio4iNiDliEhF_KjU6cg&_nc_sid=4a9e64,19,1708,45067,23409,Reels
CeLHzdelKsG,narasi.tv,https://www.instagram.com/reel/narasi.tv/video/2849405511912434438_6962813839,5.411,"Moto aku dan pasanganku, menua bersama dan menggemoy bersama, hehe.
@ignyaesty | WMN by Narasi

@wmnbynarasi 
 
#BerFlowerBarengWMN #BerFlowerBareng #WMNbyNarasi #WMNtribe #Repost #Couple #Relationship #Happiness #WMNReels #ReelsWMNTribe #Family #Narasi #JadiPaham",2022-05-30 14:27:59,https://instagram.fcgk37-1.fna.fbcdn.net/v/t50.2886-16/284829746_822485278731707_6613044947904597983_n.mp4?efg=eyJ2ZW5jb2RlX3RhZyI6InZ0c192b2RfdXJsZ2VuLjQ4MC5jbGlwcy5iYXNlbGluZSIsInFlX2dyb3VwcyI6IltcImlnX3dlYl9kZWxpdmVyeV92dHNfb3RmXCJdIn0&_nc_ht=instagram.fcgk37-1.fna.fbcdn.net&_nc_cat=111&_nc_ohc=csutEFLhsRkAX-MYgeB&edm=ACHbZRIBAAAA&vs=774023840641916_1641684823&_nc_vs=HBksFQAYJEdESW9faEM3TGQtR0Nfd0NBTl9QaTd0WFFjWmJicV9FQUFBRhUAAsgBABUAGCRHQ05mN3hDOVhoRkNBcGdBQUZEYU1BeG5qR0oyYnFfRUFBQUYVAgLIAQAoABgAGwAVAAAmytPnpfG75D8VAigCQzMsF0AVmZmZmZmaGBJkYXNoX2Jhc2VsaW5lXzJfdjERAHX%2BBwA%3D&_nc_rid=2c231b0203&ccb=7-5&oe=629C6888&oh=00_AT-hd6_Ts2OfBFOwGKIhrutaXSWkpUaiHCQ9xFI-ZL_h4w&_nc_sid=4a9e64,130,9163,308768,162707,Reels
CeK-Lsol5KY,narasi.tv,https://www.instagram.com/reel/narasi.tv/video/2849363196988854936_6962813839,60.071,"Teknologi jalan tol terbaru yang bernama MLFF bakal diterapkan secara bertahap mulai akhir 2022 nih.

Gimana sih sistem kerjanya yang katanya gak perlu ngantri itu? 

Simak di video ini, deh.

| Tech It Easy

#MLFF #JalanTol #TolMLFF #TechItEasy #NarasiDaily #JadiPaham #Narasi",2022-05-30 13:04:51,https://instagram.fcgk37-2.fna.fbcdn.net/v/t50.2886-16/284133531_686586179302789_4137272712957131014_n.mp4?efg=eyJ2ZW5jb2RlX3RhZyI6InZ0c192b2RfdXJsZ2VuLjQ4MC5jbGlwcy5iYXNlbGluZSIsInFlX2dyb3VwcyI6IltcImlnX3dlYl9kZWxpdmVyeV92dHNfb3RmXCJdIn0&_nc_ht=instagram.fcgk37-2.fna.fbcdn.net&_nc_cat=101&_nc_ohc=6Jq87L0JObQAX8hjcsM&edm=ACHbZRIBAAAA&vs=1770609279970128_2339423482&_nc_vs=HBksFQAYJEdKdUk3eENGTlZOTmNuQUNBQWI1dWJxY2kybzVicV9FQUFBRhUAAsgBABUAGCRHTGN2QWhHQkFOQ0FsRVlFQUxYTlp4alZUNllIYnFfRUFBQUYVAgLIAQAoABgAGwAVAAAmyrvaut%2Bs2j8VAigCQzMsF0BOAAAAAAAAGBJkYXNoX2Jhc2VsaW5lXzJfdjERAHX%2BBwA%3D&_nc_rid=2c231dc5c7&ccb=7-5&oe=629CA2B0&oh=00_AT-37P5h7QU4ykLlqj74lqlArHIZ5OTw4tMOjwFMFNvn5w&_nc_sid=4a9e64,76,2708,81097,48602,Reels
CeK2zDNFxzB,narasi.tv,https://www.instagram.com/reel/narasi.tv/video/2849330716911017153_6962813839,69.707,"Ada cerita menarik di balik pembuatan film Top Gun: Maverick, nih!
Ternyata ketika mengambil scene di dalam pesawat, para aktor harus shooting mandiri. Nyalain kamera sendiri, sampe benerin makeup sendiri juga.

Lho, lho kenapa ya? Tonton video selengkapnya di www.narasi.tv biar tau jawabannyaüôåüèº

Coba mention di kolom komen siapa yang mau kamu ajak untuk nonton film ini bareng!

@paramountpicsid

| Narasi Creative Ecosystem

#Narrative #TopGun #Narasi #JadiPaham",2022-05-30 12:00:15,https://instagram.fcgk37-1.fna.fbcdn.net/v/t50.2886-16/285007124_503933788139183_4706530953900085504_n.mp4?efg=eyJ2ZW5jb2RlX3RhZyI6InZ0c192b2RfdXJsZ2VuLjQ4MC5jbGlwcy5iYXNlbGluZSIsInFlX2dyb3VwcyI6IltcImlnX3dlYl9kZWxpdmVyeV92dHNfb3RmXCJdIn0&_nc_ht=instagram.fcgk37-1.fna.fbcdn.net&_nc_cat=111&_nc_ohc=iykjimF9auQAX-zgx5V&tn=eFLwVbSMUqQ_bHKN&edm=ACHbZRIBAAAA&vs=739626380725633_776580765&_nc_vs=HBksFQAYJEdCVGQtQkN2cm00NlU4b0JBQUJSbUYtMzlGQkJicV9FQUFBRhUAAsgBABUAGCRHUGtwOXhEQkhpZ2RSdmtEQVBVWFJiekxxWU1vYnFfRUFBQUYVAgLIAQAoABgAGwAVAAAmtvTMh4aI%2Bz8VAigCQzMsF0BRap%2B%2Bdsi0GBJkYXNoX2Jhc2VsaW5lXzJfdjERAHX%2BBwA%3D&_nc_rid=2c231ce318&ccb=7-5&oe=629D6D78&oh=00_AT-oOUD2FlHPsi3CESSN9yZikdiO-lWtQcCWYcx1108ErQ&_nc_sid=4a9e64,6,692,23184,11549,Reels
CeKxbQjFVyI,narasi.tv,https://www.instagram.com/reel/narasi.tv/video/2849307091738647688_6962813839,50.434,"Sebagai warga yang baru banget nginjek Jakarta, yuyur baru paham nih yang gini-ginian. Kasih tau aku dong di komen, kerjaan apa sih yang ‚ÄòJakarta‚Äô banget?? | Get Started 

@getstarted.narasi

#Narasi #JadiPaham #GetStarted #StartWhereYouAt",2022-05-30 11:18:20,https://instagram.fcgk37-1.fna.fbcdn.net/v/t50.2886-16/284565797_760906921918121_232311814443248363_n.mp4?efg=eyJ2ZW5jb2RlX3RhZyI6InZ0c192b2RfdXJsZ2VuLjQ4MC5jbGlwcy5iYXNlbGluZSIsInFlX2dyb3VwcyI6IltcImlnX3dlYl9kZWxpdmVyeV92dHNfb3RmXCJdIn0&_nc_ht=instagram.fcgk37-1.fna.fbcdn.net&_nc_cat=105&_nc_ohc=sSEx1yM8FWgAX9ylBqL&edm=ACHbZRIBAAAA&vs=1499477457175366_1866677157&_nc_vs=HBksFQAYJEdDVWg5aENwdnNseUNyUUNBT3NxQkVsZFZqa0RicV9FQUFBRhUAAsgBABUAGCRHSmF3N3hBLUpSQVNOa2dKQUVGb0ZGd1MzamdiYnFfRUFBQUYVAgLIAQAoABgAGwAVAAAm4ru%2B2PLC3z8VAigCQzMsF0BJMzMzMzMzGBJkYXNoX2Jhc2VsaW5lXzJfdjERAHX%2BBwA%3D&_nc_rid=2c231c53cb&ccb=7-5&oe=629D53BB&oh=00_AT-bo95ouOKdM7VdzIwj6VXk1Yu0spUeSg5JUICfHsNNzw&_nc_sid=4a9e64,27,1857,53655,30109,Reels
CeIqUCplOSo,narasi.tv,https://www.instagram.com/reel/narasi.tv/video/2848712859499947176_6962813839,28.886,"Namanya lidah manusia ya, gak pandang suku. Kalau pedas, ya pedas aja. Kamu yang orang Padang pernah diginiiin sama teman? | NamanyaJugaLyfe 

@riskiyasser 
@narasi.ecosystem 

#Narasi #JadiPaham #NamanyaJugaLyfe # Relationship #CintaBedaKasta  #NarasiOriginial",2022-05-29 15:32:34,https://instagram.fcgk37-1.fna.fbcdn.net/v/t50.2886-16/284319785_3343061832684272_3994157749174746776_n.mp4?efg=eyJ2ZW5jb2RlX3RhZyI6InZ0c192b2RfdXJsZ2VuLjQ4MC5jbGlwcy5iYXNlbGluZSIsInFlX2dyb3VwcyI6IltcImlnX3dlYl9kZWxpdmVyeV92dHNfb3RmXCJdIn0&_nc_ht=instagram.fcgk37-1.fna.fbcdn.net&_nc_cat=108&_nc_ohc=DK_i8nohfQUAX8-3iZH&edm=ACHbZRIBAAAA&vs=3044349665877086_728351142&_nc_vs=HBksFQAYJEdDbGc4aER3MHY4OGZfQUxBSmdfYjVoUEdXNDNicV9FQUFBRhUAAsgBABUAGCRHRUFwN0JCZGdjdzVfLUFCQUdQSDN5QTVsYlpPYnFfRUFBQUYVAgLIAQAoABgAGwAVAAAm8vOg6cTm8T8VAigCQzMsF0A81T987ZFoGBJkYXNoX2Jhc2VsaW5lXzJfdjERAHX%2BBwA%3D&_nc_rid=2c23109b23&ccb=7-5&oe=629C8F6F&oh=00_AT9Ly38_067HC15CxD0GnakW8tSyRr-7wiKMTj8ToQNuqg&_nc_sid=4a9e64,270,5451,142139,75294,Reels
CeIZW-jFTdQ,narasi.tv,https://www.instagram.com/reel/narasi.tv/video/2848638294463690576_6962813839,60.047,"Budaya mengantri adalah cerminan kita sebagai bangsa yang bermartabat. Jadinya perlu banget tuh kita lestarikan, biar nggak ada lagi ribut-ribut di jalanan. Gimana menurut kalian? | InMySotoyOpinion

#IMSO #InMySotoyOpinion #Narasi #JadiPaham",2022-05-29 13:03:34,https://instagram.fcgk37-1.fna.fbcdn.net/v/t50.2886-16/284920180_1059407884702664_9096855728237216351_n.mp4?efg=eyJ2ZW5jb2RlX3RhZyI6InZ0c192b2RfdXJsZ2VuLjQ4MC5jbGlwcy5iYXNlbGluZSIsInFlX2dyb3VwcyI6IltcImlnX3dlYl9kZWxpdmVyeV92dHNfb3RmXCJdIn0&_nc_ht=instagram.fcgk37-1.fna.fbcdn.net&_nc_cat=108&_nc_ohc=7D1BLOFrY54AX86d7f-&edm=ACHbZRIBAAAA&vs=841108186848103_847002585&_nc_vs=HBksFQAYJEdIU0pfeERJMDZPZWhzTURBRl9Dam00V2hqNV9icV9FQUFBRhUAAsgBABUAGCRHSnRwOVJDOFZyQnlPUGdCQUQzUHRlZ2xDSlZjYnFfRUFBQUYVAgLIAQAoABgAGwAVAAAm%2Btff8Oq7zz8VAigCQzMsF0BOAAAAAAAAGBJkYXNoX2Jhc2VsaW5lXzJfdjERAHX%2BBwA%3D&_nc_rid=2c231c4412&ccb=7-5&oe=629CCF42&oh=00_AT-P9Ac7PyhgqC_ZSD03sqWsbg625c2DQZ_TdWebMDa-uA&_nc_sid=4a9e64,5,712,21629,10154,Reels
CeITJw0Fq37,narasi.tv,https://www.instagram.com/reel/narasi.tv/video/2848610998084349435_6962813839,11.634,"Aku kalo lagi dikenalin sama calon mertua dan di interview pula. 
Ada yang punya cara jitu ngadepin situasi kayak gini?

@lona26 | WMN by Narasi
@wmnbynarasi 

#BerFlowerBarengWMN #BerFlowerBareng #WMNbyNarasi #WMNtribe #CalonMertua #MenantuIdaman #SoftSkill #WMNReels #ReelsWMNTribe #Repost #Narasi #JadiPaham",2022-05-29 12:09:22,https://instagram.fcgk37-1.fna.fbcdn.net/v/t50.2886-16/284793179_1147867615779176_8596244681969281612_n.mp4?efg=eyJ2ZW5jb2RlX3RhZyI6InZ0c192b2RfdXJsZ2VuLjQ4MC5jbGlwcy5iYXNlbGluZSIsInFlX2dyb3VwcyI6IltcImlnX3dlYl9kZWxpdmVyeV92dHNfb3RmXCJdIn0&_nc_ht=instagram.fcgk37-1.fna.fbcdn.net&_nc_cat=108&_nc_ohc=5wUEk0_KLoIAX8H2muf&edm=ACHbZRIBAAAA&vs=5527641573953209_1713273310&_nc_vs=HBksFQAYJEdGdVpfUkJvMlh6Ql9oTUVBRXlxSGstXy1rdDNicV9FQUFBRhUAAsgBABUAGCRHTHRYOGhCbm00Yk81dTRFQUFVMEhKWXR3eE5OYnFfRUFBQUYVAgLIAQAoABgAGwAVAAAmhMW1iJ23ukAVAigCQzMsF0AnIcrAgxJvGBJkYXNoX2Jhc2VsaW5lXzJfdjERAHX%2BBwA%3D&_nc_rid=2c231ef8a2&ccb=7-5&oe=629CBAD5&oh=00_AT_eODOINvvhU0oJNQ9eozNOdeJCc-upn-Tldx_lR-qqeg&_nc_sid=4a9e64,85,3894,126921,65047,Reels
CeIIhXYlzX-,narasi.tv,https://www.instagram.com/reel/narasi.tv/video/2848564241535284734_6962813839,24.962,"Mumpung weekend jangan yang serius-serius ah. Nih 3 kegiatan yang bikin weekend kamu bikin tambah‚Ä¶‚Ä¶‚Ä¶. (isi sendiri)üòµ‚Äçüí´ | Get Started

@getstarted.narasi 

#JadiPaham #StartWhereYouAt #GetStarted #Narasi #GetTheHacked",2022-05-29 10:36:29,https://instagram.fcgk37-2.fna.fbcdn.net/v/t50.2886-16/284574198_1487687325066366_7142594284025243028_n.mp4?efg=eyJ2ZW5jb2RlX3RhZyI6InZ0c192b2RfdXJsZ2VuLjQ4MC5jbGlwcy5iYXNlbGluZSIsInFlX2dyb3VwcyI6IltcImlnX3dlYl9kZWxpdmVyeV92dHNfb3RmXCJdIn0&_nc_ht=instagram.fcgk37-2.fna.fbcdn.net&_nc_cat=106&_nc_ohc=LkIFXLONHTQAX_b6IZc&edm=ACHbZRIBAAAA&vs=530071125249873_53382537&_nc_vs=HBksFQAYJEdQWkI5aEJfSkl3eUMwa0ZBSlJsRDRLb2x4OWpicV9FQUFBRhUAAsgBABUAGCRHQXhhOXhESUtxTTM0OVVDQURQOS1oN3A3ZFU3YnFfRUFBQUYVAgLIAQAoABgAGwAVAAAm7qSu78Wv5z8VAigCQzMsF0A45mZmZmZmGBJkYXNoX2Jhc2VsaW5lXzJfdjERAHX%2BBwA%3D&_nc_rid=2c231699a4&ccb=7-5&oe=629CF221&oh=00_AT8cmYAFcX9RHl5RSOoWrZG3eg23SKRq_3wqqgGDDbkU5Q&_nc_sid=4a9e64,36,1676,46803,24889,Reels
CeGWmrRlz9A,narasi.tv,https://www.instagram.com/reel/narasi.tv/video/2848063229187800896_6962813839,5.666,"Mending stop ngomongin orang aja yuk biar enggak kayak gini!üò≠ | Narasi

#JadiPaham #Narasi",2022-05-28 18:00:59,https://instagram.fcgk37-1.fna.fbcdn.net/v/t50.2886-16/283668373_702165994414763_380756148333626271_n.mp4?efg=eyJ2ZW5jb2RlX3RhZyI6InZ0c192b2RfdXJsZ2VuLjQwNi5jbGlwcy5iYXNlbGluZSIsInFlX2dyb3VwcyI6IltcImlnX3dlYl9kZWxpdmVyeV92dHNfb3RmXCJdIn0&_nc_ht=instagram.fcgk37-1.fna.fbcdn.net&_nc_cat=111&_nc_ohc=esZdCH1z4-kAX-y2wEl&edm=ACHbZRIBAAAA&vs=354536380111050_3293860202&_nc_vs=HBksFQAYJEdKVnY2QkNyb3F2Q25YNENBSi1EZUJlenQwZ0ZicV9FQUFBRhUAAsgBABUAGCRHRFQxOEJDSFVHQ0FHWWNBQUpEcExUZGp4QllVYnFfRUFBQUYVAgLIAQAoABgAGwAVAAAmrNvkxNST1T8VAigCQzMsF0AWiDEm6XjVGBJkYXNoX2Jhc2VsaW5lXzJfdjERAHX%2BBwA%3D&_nc_rid=2c231de956&ccb=7-5&oe=629D82D9&oh=00_AT_XEd1ZN6BxGTsuZEDZgK2CidDXffX6FWuojge_jhejow&_nc_sid=4a9e64,9,1657,75446,38608,Reels
CeGFq26FALp,narasi.tv,https://www.instagram.com/reel/narasi.tv/video/2847988749765444329_6962813839,60.071,"Siapa di sini yang suka insecure liat teman udah pada sukses? Simak nih jalan ninja @semakindidevan untuk sukses juga seperti teman-temannya. Emang bisa? 

Saksikan selengkapnya episode ‚ÄúKantor Pindah-Pindah, Cari yang Nyaman atau Lo yang Insecure?‚Äù hanya di YouTube Narasi | InMySotoyOpinion

#IMSO #InMySotoyOpinion #Narasi #JadiPaham",2022-05-28 15:36:58,https://instagram.fcgk37-1.fna.fbcdn.net/v/t50.2886-16/284476199_5450732801624717_796731803210469740_n.mp4?efg=eyJ2ZW5jb2RlX3RhZyI6InZ0c192b2RfdXJsZ2VuLjQ4MC5jbGlwcy5iYXNlbGluZSIsInFlX2dyb3VwcyI6IltcImlnX3dlYl9kZWxpdmVyeV92dHNfb3RmXCJdIn0&_nc_ht=instagram.fcgk37-1.fna.fbcdn.net&_nc_cat=105&_nc_ohc=dTNfBPGbTzQAX-zeSdG&edm=ACHbZRIBAAAA&vs=1733564626990497_1824921783&_nc_vs=HBksFQAYJEdDZkQ5QkNOQ21pZ2FWMFRBR3pSblk5YWp3NExicV9FQUFBRhUAAsgBABUAGCRHT2loNmhEdE9wMFFac2dEQUwyZ0luaFN2c3gxYnFfRUFBQUYVAgLIAQAoABgAGwAVAAAm%2BPPareP%2Fzj8VAigCQzMsF0BOAAAAAAAAGBJkYXNoX2Jhc2VsaW5lXzJfdjERAHX%2BBwA%3D&_nc_rid=2c231487de&ccb=7-5&oe=629CA853&oh=00_AT8fxuLzdNNsUaAjs8FZjBJadEze5wzP7iWfj8IvohxwPA&_nc_sid=4a9e64,33,1279,30888,12724,Reels
CeGAAfgFsiF,narasi.tv,https://www.instagram.com/reel/narasi.tv/video/2847963848182777989_6962813839,58.12,"Peran anak dalam kehidupan orang tua sangatlah penting. Selain menjadi generasi penerus, juga sebagai pengingat password pesbuküòÇ
ib: mellacarli

Kolaborator : @charissaidan @narasi.ecosystem

#JadiPaham #GetStarted #StartWhereYouAt #Narasi #GSReels #kolaborasidinarasi",2022-05-28 14:43:27,https://instagram.fcgk37-1.fna.fbcdn.net/v/t50.2886-16/285052478_571626627861731_6857873055214594494_n.mp4?efg=eyJ2ZW5jb2RlX3RhZyI6InZ0c192b2RfdXJsZ2VuLjQ4MC5jbGlwcy5iYXNlbGluZSIsInFlX2dyb3VwcyI6IltcImlnX3dlYl9kZWxpdmVyeV92dHNfb3RmXCJdIn0&_nc_ht=instagram.fcgk37-1.fna.fbcdn.net&_nc_cat=111&_nc_ohc=n7Z3r3LHeAcAX9k7lf3&edm=ACHbZRIBAAAA&vs=1058893118069026_3437308535&_nc_vs=HBksFQAYJEdENk8tUkRqREJreTVBY0NBTDdweVlvMUR5eGZicV9FQUFBRhUAAsgBABUAGCRHUDVMOXhDUFFpOHlnblFBQUFZN3p1N1RNU1YtYnFfRUFBQUYVAgLIAQAoABgAGwAVAAAm%2FNTL5KGk1T8VAigCQzMsF0BNCHKwIMScGBJkYXNoX2Jhc2VsaW5lXzJfdjERAHX%2BBwA%3D&_nc_rid=2c23154578&ccb=7-5&oe=629D4253&oh=00_AT96A9IpWFOyB_li7S7NQKTHzvIbzoLuXyJcrXq6vhpqCg&_nc_sid=4a9e64,294,8776,146223,76654,Reels
CeNRXRBFB_e,narasi.tv,https://www.instagram.com/reel/narasi.tv/video/2850010504805752798_6962813839,39.591,"Jawabannya sih gampang ‚ÄòBagi waktu aja, kok‚Äô. Tapi pas dipraktikan kenapa sulit ya? Kamu ngerasain kaya gini? | NamanyaJugaLyfe

 #Narasi #JadiPaham #NamanyaJugaLyfe #Relationship #Pacar #TemanSejati #Sahabat  #NarasiOriginal",2022-05-31 10:31:05,https://instagram.fcgk37-1.fna.fbcdn.net/v/t50.2886-16/284896700_154955513706041_1690224308300199235_n.mp4?efg=eyJ2ZW5jb2RlX3RhZyI6InZ0c192b2RfdXJsZ2VuLjQ4MC5jbGlwcy5iYXNlbGluZSIsInFlX2dyb3VwcyI6IltcImlnX3dlYl9kZWxpdmVyeV92dHNfb3RmXCJdIn0&_nc_ht=instagram.fcgk37-1.fna.fbcdn.net&_nc_cat=105&_nc_ohc=HSIiO2QNj6cAX-XEYIm&edm=ACHbZRIBAAAA&vs=5156652824380560_3051307088&_nc_vs=HBksFQAYJEdMd3RfeEE1dGxsazdvd0FBRU8xOXA0TjRuUVhicV9FQUFBRhUAAsgBABUAGCRHQTVpNHhBNWlselBZb01CQUtaSkJZcVJUcEV5YnFfRUFBQUYVAgLIAQAoABgAGwAVAAAm%2Bq2LlMK46T8VAigCQzMsF0BDxDlYEGJOGBJkYXNoX2Jhc2VsaW5lXzJfdjERAHX%2BBwA%3D&_nc_rid=c17950655e&ccb=7-5&oe=629D3DB9&oh=00_AT-szURX7u3kqeXhoQQJ4f5AcJFio4iNiDliEhF_KjU6cg&_nc_sid=4a9e64,19,1708,45067,23409,Reels
CeLHzdelKsG,narasi.tv,https://www.instagram.com/reel/narasi.tv/video/2849405511912434438_6962813839,5.411,"Moto aku dan pasanganku, menua bersama dan menggemoy bersama, hehe.
@ignyaesty | WMN by Narasi

@wmnbynarasi 
 
#BerFlowerBarengWMN #BerFlowerBareng #WMNbyNarasi #WMNtribe #Repost #Couple #Relationship #Happiness #WMNReels #ReelsWMNTribe #Family #Narasi #JadiPaham",2022-05-30 14:27:59,https://instagram.fcgk37-1.fna.fbcdn.net/v/t50.2886-16/284829746_822485278731707_6613044947904597983_n.mp4?efg=eyJ2ZW5jb2RlX3RhZyI6InZ0c192b2RfdXJsZ2VuLjQ4MC5jbGlwcy5iYXNlbGluZSIsInFlX2dyb3VwcyI6IltcImlnX3dlYl9kZWxpdmVyeV92dHNfb3RmXCJdIn0&_nc_ht=instagram.fcgk37-1.fna.fbcdn.net&_nc_cat=111&_nc_ohc=csutEFLhsRkAX-MYgeB&edm=ACHbZRIBAAAA&vs=774023840641916_1641684823&_nc_vs=HBksFQAYJEdESW9faEM3TGQtR0Nfd0NBTl9QaTd0WFFjWmJicV9FQUFBRhUAAsgBABUAGCRHQ05mN3hDOVhoRkNBcGdBQUZEYU1BeG5qR0oyYnFfRUFBQUYVAgLIAQAoABgAGwAVAAAmytPnpfG75D8VAigCQzMsF0AVmZmZmZmaGBJkYXNoX2Jhc2VsaW5lXzJfdjERAHX%2BBwA%3D&_nc_rid=c17957b87b&ccb=7-5&oe=629C6888&oh=00_AT-hd6_Ts2OfBFOwGKIhrutaXSWkpUaiHCQ9xFI-ZL_h4w&_nc_sid=4a9e64,130,9163,308768,162707,Reels
CeK-Lsol5KY,narasi.tv,https://www.instagram.com/reel/narasi.tv/video/2849363196988854936_6962813839,60.071,"Teknologi jalan tol terbaru yang bernama MLFF bakal diterapkan secara bertahap mulai akhir 2022 nih.

Gimana sih sistem kerjanya yang katanya gak perlu ngantri itu? 

Simak di video ini, deh.

| Tech It Easy

#MLFF #JalanTol #TolMLFF #TechItEasy #NarasiDaily #JadiPaham #Narasi",2022-05-30 13:04:51,https://instagram.fcgk37-2.fna.fbcdn.net/v/t50.2886-16/284133531_686586179302789_4137272712957131014_n.mp4?efg=eyJ2ZW5jb2RlX3RhZyI6InZ0c192b2RfdXJsZ2VuLjQ4MC5jbGlwcy5iYXNlbGluZSIsInFlX2dyb3VwcyI6IltcImlnX3dlYl9kZWxpdmVyeV92dHNfb3RmXCJdIn0&_nc_ht=instagram.fcgk37-2.fna.fbcdn.net&_nc_cat=101&_nc_ohc=6Jq87L0JObQAX8hjcsM&edm=ACHbZRIBAAAA&vs=1770609279970128_2339423482&_nc_vs=HBksFQAYJEdKdUk3eENGTlZOTmNuQUNBQWI1dWJxY2kybzVicV9FQUFBRhUAAsgBABUAGCRHTGN2QWhHQkFOQ0FsRVlFQUxYTlp4alZUNllIYnFfRUFBQUYVAgLIAQAoABgAGwAVAAAmyrvaut%2Bs2j8VAigCQzMsF0BOAAAAAAAAGBJkYXNoX2Jhc2VsaW5lXzJfdjERAHX%2BBwA%3D&_nc_rid=c1795c055f&ccb=7-5&oe=629CA2B0&oh=00_AT-37P5h7QU4ykLlqj74lqlArHIZ5OTw4tMOjwFMFNvn5w&_nc_sid=4a9e64,76,2708,81097,48602,Reels
CeK2zDNFxzB,narasi.tv,https://www.instagram.com/reel/narasi.tv/video/2849330716911017153_6962813839,69.707,"Ada cerita menarik di balik pembuatan film Top Gun: Maverick, nih!
Ternyata ketika mengambil scene di dalam pesawat, para aktor harus shooting mandiri. Nyalain kamera sendiri, sampe benerin makeup sendiri juga.

Lho, lho kenapa ya? Tonton video selengkapnya di www.narasi.tv biar tau jawabannyaüôåüèº

Coba mention di kolom komen siapa yang mau kamu ajak untuk nonton film ini bareng!

@paramountpicsid

| Narasi Creative Ecosystem

#Narrative #TopGun #Narasi #JadiPaham",2022-05-30 12:00:15,https://instagram.fcgk37-1.fna.fbcdn.net/v/t50.2886-16/285007124_503933788139183_4706530953900085504_n.mp4?efg=eyJ2ZW5jb2RlX3RhZyI6InZ0c192b2RfdXJsZ2VuLjQ4MC5jbGlwcy5iYXNlbGluZSIsInFlX2dyb3VwcyI6IltcImlnX3dlYl9kZWxpdmVyeV92dHNfb3RmXCJdIn0&_nc_ht=instagram.fcgk37-1.fna.fbcdn.net&_nc_cat=111&_nc_ohc=iykjimF9auQAX-zgx5V&tn=eFLwVbSMUqQ_bHKN&edm=ACHbZRIBAAAA&vs=739626380725633_776580765&_nc_vs=HBksFQAYJEdCVGQtQkN2cm00NlU4b0JBQUJSbUYtMzlGQkJicV9FQUFBRhUAAsgBABUAGCRHUGtwOXhEQkhpZ2RSdmtEQVBVWFJiekxxWU1vYnFfRUFBQUYVAgLIAQAoABgAGwAVAAAmtvTMh4aI%2Bz8VAigCQzMsF0BRap%2B%2Bdsi0GBJkYXNoX2Jhc2VsaW5lXzJfdjERAHX%2BBwA%3D&_nc_rid=c17952200d&ccb=7-5&oe=629D6D78&oh=00_AT-oOUD2FlHPsi3CESSN9yZikdiO-lWtQcCWYcx1108ErQ&_nc_sid=4a9e64,6,692,23184,11549,Reels
CeKxbQjFVyI,narasi.tv,https://www.instagram.com/reel/narasi.tv/video/2849307091738647688_6962813839,50.434,"Sebagai warga yang baru banget nginjek Jakarta, yuyur baru paham nih yang gini-ginian. Kasih tau aku dong di komen, kerjaan apa sih yang ‚ÄòJakarta‚Äô banget?? | Get Started 

@getstarted.narasi

#Narasi #JadiPaham #GetStarted #StartWhereYouAt",2022-05-30 11:18:20,https://instagram.fcgk37-1.fna.fbcdn.net/v/t50.2886-16/284565797_760906921918121_232311814443248363_n.mp4?efg=eyJ2ZW5jb2RlX3RhZyI6InZ0c192b2RfdXJsZ2VuLjQ4MC5jbGlwcy5iYXNlbGluZSIsInFlX2dyb3VwcyI6IltcImlnX3dlYl9kZWxpdmVyeV92dHNfb3RmXCJdIn0&_nc_ht=instagram.fcgk37-1.fna.fbcdn.net&_nc_cat=105&_nc_ohc=sSEx1yM8FWgAX9ylBqL&edm=ACHbZRIBAAAA&vs=1499477457175366_1866677157&_nc_vs=HBksFQAYJEdDVWg5aENwdnNseUNyUUNBT3NxQkVsZFZqa0RicV9FQUFBRhUAAsgBABUAGCRHSmF3N3hBLUpSQVNOa2dKQUVGb0ZGd1MzamdiYnFfRUFBQUYVAgLIAQAoABgAGwAVAAAm4ru%2B2PLC3z8VAigCQzMsF0BJMzMzMzMzGBJkYXNoX2Jhc2VsaW5lXzJfdjERAHX%2BBwA%3D&_nc_rid=c17959a251&ccb=7-5&oe=629D53BB&oh=00_AT-bo95ouOKdM7VdzIwj6VXk1Yu0spUeSg5JUICfHsNNzw&_nc_sid=4a9e64,27,1857,53655,30109,Reels
CeIqUCplOSo,narasi.tv,https://www.instagram.com/reel/narasi.tv/video/2848712859499947176_6962813839,28.886,"Namanya lidah manusia ya, gak pandang suku. Kalau pedas, ya pedas aja. Kamu yang orang Padang pernah diginiiin sama teman? | NamanyaJugaLyfe 

@riskiyasser 
@narasi.ecosystem 

#Narasi #JadiPaham #NamanyaJugaLyfe # Relationship #CintaBedaKasta  #NarasiOriginial",2022-05-29 15:32:34,https://instagram.fcgk37-1.fna.fbcdn.net/v/t50.2886-16/284319785_3343061832684272_3994157749174746776_n.mp4?efg=eyJ2ZW5jb2RlX3RhZyI6InZ0c192b2RfdXJsZ2VuLjQ4MC5jbGlwcy5iYXNlbGluZSIsInFlX2dyb3VwcyI6IltcImlnX3dlYl9kZWxpdmVyeV92dHNfb3RmXCJdIn0&_nc_ht=instagram.fcgk37-1.fna.fbcdn.net&_nc_cat=108&_nc_ohc=DK_i8nohfQUAX8-3iZH&edm=ACHbZRIBAAAA&vs=3044349665877086_728351142&_nc_vs=HBksFQAYJEdDbGc4aER3MHY4OGZfQUxBSmdfYjVoUEdXNDNicV9FQUFBRhUAAsgBABUAGCRHRUFwN0JCZGdjdzVfLUFCQUdQSDN5QTVsYlpPYnFfRUFBQUYVAgLIAQAoABgAGwAVAAAm8vOg6cTm8T8VAigCQzMsF0A81T987ZFoGBJkYXNoX2Jhc2VsaW5lXzJfdjERAHX%2BBwA%3D&_nc_rid=c1795f9bc8&ccb=7-5&oe=629C8F6F&oh=00_AT9Ly38_067HC15CxD0GnakW8tSyRr-7wiKMTj8ToQNuqg&_nc_sid=4a9e64,270,5451,142139,75294,Reels
CeIZW-jFTdQ,narasi.tv,https://www.instagram.com/reel/narasi.tv/video/2848638294463690576_6962813839,60.047,"Budaya mengantri adalah cerminan kita sebagai bangsa yang bermartabat. Jadinya perlu banget tuh kita lestarikan, biar nggak ada lagi ribut-ribut di jalanan. Gimana menurut kalian? | InMySotoyOpinion

#IMSO #InMySotoyOpinion #Narasi #JadiPaham",2022-05-29 13:03:34,https://instagram.fcgk37-1.fna.fbcdn.net/v/t50.2886-16/284920180_1059407884702664_9096855728237216351_n.mp4?efg=eyJ2ZW5jb2RlX3RhZyI6InZ0c192b2RfdXJsZ2VuLjQ4MC5jbGlwcy5iYXNlbGluZSIsInFlX2dyb3VwcyI6IltcImlnX3dlYl9kZWxpdmVyeV92dHNfb3RmXCJdIn0&_nc_ht=instagram.fcgk37-1.fna.fbcdn.net&_nc_cat=108&_nc_ohc=7D1BLOFrY54AX86d7f-&edm=ACHbZRIBAAAA&vs=841108186848103_847002585&_nc_vs=HBksFQAYJEdIU0pfeERJMDZPZWhzTURBRl9Dam00V2hqNV9icV9FQUFBRhUAAsgBABUAGCRHSnRwOVJDOFZyQnlPUGdCQUQzUHRlZ2xDSlZjYnFfRUFBQUYVAgLIAQAoABgAGwAVAAAm%2Btff8Oq7zz8VAigCQzMsF0BOAAAAAAAAGBJkYXNoX2Jhc2VsaW5lXzJfdjERAHX%2BBwA%3D&_nc_rid=c17959aef2&ccb=7-5&oe=629CCF42&oh=00_AT-P9Ac7PyhgqC_ZSD03sqWsbg625c2DQZ_TdWebMDa-uA&_nc_sid=4a9e64,5,712,21629,10154,Reels
CeITJw0Fq37,narasi.tv,https://www.instagram.com/reel/narasi.tv/video/2848610998084349435_6962813839,11.634,"Aku kalo lagi dikenalin sama calon mertua dan di interview pula. 
Ada yang punya cara jitu ngadepin situasi kayak gini?

@lona26 | WMN by Narasi
@wmnbynarasi 

#BerFlowerBarengWMN #BerFlowerBareng #WMNbyNarasi #WMNtribe #CalonMertua #MenantuIdaman #SoftSkill #WMNReels #ReelsWMNTribe #Repost #Narasi #JadiPaham",2022-05-29 12:09:22,https://instagram.fcgk37-1.fna.fbcdn.net/v/t50.2886-16/284793179_1147867615779176_8596244681969281612_n.mp4?efg=eyJ2ZW5jb2RlX3RhZyI6InZ0c192b2RfdXJsZ2VuLjQ4MC5jbGlwcy5iYXNlbGluZSIsInFlX2dyb3VwcyI6IltcImlnX3dlYl9kZWxpdmVyeV92dHNfb3RmXCJdIn0&_nc_ht=instagram.fcgk37-1.fna.fbcdn.net&_nc_cat=108&_nc_ohc=5wUEk0_KLoIAX8H2muf&edm=ACHbZRIBAAAA&vs=5527641573953209_1713273310&_nc_vs=HBksFQAYJEdGdVpfUkJvMlh6Ql9oTUVBRXlxSGstXy1rdDNicV9FQUFBRhUAAsgBABUAGCRHTHRYOGhCbm00Yk81dTRFQUFVMEhKWXR3eE5OYnFfRUFBQUYVAgLIAQAoABgAGwAVAAAmhMW1iJ23ukAVAigCQzMsF0AnIcrAgxJvGBJkYXNoX2Jhc2VsaW5lXzJfdjERAHX%2BBwA%3D&_nc_rid=c179568b8c&ccb=7-5&oe=629CBAD5&oh=00_AT_eODOINvvhU0oJNQ9eozNOdeJCc-upn-Tldx_lR-qqeg&_nc_sid=4a9e64,85,3894,126921,65047,Reels
CeIIhXYlzX-,narasi.tv,https://www.instagram.com/reel/narasi.tv/video/2848564241535284734_6962813839,24.962,"Mumpung weekend jangan yang serius-serius ah. Nih 3 kegiatan yang bikin weekend kamu bikin tambah‚Ä¶‚Ä¶‚Ä¶. (isi sendiri)üòµ‚Äçüí´ | Get Started

@getstarted.narasi 

#JadiPaham #StartWhereYouAt #GetStarted #Narasi #GetTheHacked",2022-05-29 10:36:29,https://instagram.fcgk37-2.fna.fbcdn.net/v/t50.2886-16/284574198_1487687325066366_7142594284025243028_n.mp4?efg=eyJ2ZW5jb2RlX3RhZyI6InZ0c192b2RfdXJsZ2VuLjQ4MC5jbGlwcy5iYXNlbGluZSIsInFlX2dyb3VwcyI6IltcImlnX3dlYl9kZWxpdmVyeV92dHNfb3RmXCJdIn0&_nc_ht=instagram.fcgk37-2.fna.fbcdn.net&_nc_cat=106&_nc_ohc=LkIFXLONHTQAX_b6IZc&edm=ACHbZRIBAAAA&vs=530071125249873_53382537&_nc_vs=HBksFQAYJEdQWkI5aEJfSkl3eUMwa0ZBSlJsRDRLb2x4OWpicV9FQUFBRhUAAsgBABUAGCRHQXhhOXhESUtxTTM0OVVDQURQOS1oN3A3ZFU3YnFfRUFBQUYVAgLIAQAoABgAGwAVAAAm7qSu78Wv5z8VAigCQzMsF0A45mZmZmZmGBJkYXNoX2Jhc2VsaW5lXzJfdjERAHX%2BBwA%3D&_nc_rid=c1795ef793&ccb=7-5&oe=629CF221&oh=00_AT8cmYAFcX9RHl5RSOoWrZG3eg23SKRq_3wqqgGDDbkU5Q&_nc_sid=4a9e64,36,1676,46803,24889,Reels
CeGWmrRlz9A,narasi.tv,https://www.instagram.com/reel/narasi.tv/video/2848063229187800896_6962813839,5.666,"Mending stop ngomongin orang aja yuk biar enggak kayak gini!üò≠ | Narasi

#JadiPaham #Narasi",2022-05-28 18:00:59,https://instagram.fcgk37-1.fna.fbcdn.net/v/t50.2886-16/283668373_702165994414763_380756148333626271_n.mp4?efg=eyJ2ZW5jb2RlX3RhZyI6InZ0c192b2RfdXJsZ2VuLjQwNi5jbGlwcy5iYXNlbGluZSIsInFlX2dyb3VwcyI6IltcImlnX3dlYl9kZWxpdmVyeV92dHNfb3RmXCJdIn0&_nc_ht=instagram.fcgk37-1.fna.fbcdn.net&_nc_cat=111&_nc_ohc=esZdCH1z4-kAX-y2wEl&edm=ACHbZRIBAAAA&vs=354536380111050_3293860202&_nc_vs=HBksFQAYJEdKVnY2QkNyb3F2Q25YNENBSi1EZUJlenQwZ0ZicV9FQUFBRhUAAsgBABUAGCRHRFQxOEJDSFVHQ0FHWWNBQUpEcExUZGp4QllVYnFfRUFBQUYVAgLIAQAoABgAGwAVAAAmrNvkxNST1T8VAigCQzMsF0AWiDEm6XjVGBJkYXNoX2Jhc2VsaW5lXzJfdjERAHX%2BBwA%3D&_nc_rid=c1795778c3&ccb=7-5&oe=629D82D9&oh=00_AT_XEd1ZN6BxGTsuZEDZgK2CidDXffX6FWuojge_jhejow&_nc_sid=4a9e64,9,1657,75446,38608,Reels
CeGFq26FALp,narasi.tv,https://www.instagram.com/reel/narasi.tv/video/2847988749765444329_6962813839,60.071,"Siapa di sini yang suka insecure liat teman udah pada sukses? Simak nih jalan ninja @semakindidevan untuk sukses juga seperti teman-temannya. Emang bisa? 

Saksikan selengkapnya episode ‚ÄúKantor Pindah-Pindah, Cari yang Nyaman atau Lo yang Insecure?‚Äù hanya di YouTube Narasi | InMySotoyOpinion

#IMSO #InMySotoyOpinion #Narasi #JadiPaham",2022-05-28 15:36:58,https://instagram.fcgk37-1.fna.fbcdn.net/v/t50.2886-16/284476199_5450732801624717_796731803210469740_n.mp4?efg=eyJ2ZW5jb2RlX3RhZyI6InZ0c192b2RfdXJsZ2VuLjQ4MC5jbGlwcy5iYXNlbGluZSIsInFlX2dyb3VwcyI6IltcImlnX3dlYl9kZWxpdmVyeV92dHNfb3RmXCJdIn0&_nc_ht=instagram.fcgk37-1.fna.fbcdn.net&_nc_cat=105&_nc_ohc=dTNfBPGbTzQAX-zeSdG&edm=ACHbZRIBAAAA&vs=1733564626990497_1824921783&_nc_vs=HBksFQAYJEdDZkQ5QkNOQ21pZ2FWMFRBR3pSblk5YWp3NExicV9FQUFBRhUAAsgBABUAGCRHT2loNmhEdE9wMFFac2dEQUwyZ0luaFN2c3gxYnFfRUFBQUYVAgLIAQAoABgAGwAVAAAm%2BPPareP%2Fzj8VAigCQzMsF0BOAAAAAAAAGBJkYXNoX2Jhc2VsaW5lXzJfdjERAHX%2BBwA%3D&_nc_rid=c17951e905&ccb=7-5&oe=629CA853&oh=00_AT8fxuLzdNNsUaAjs8FZjBJadEze5wzP7iWfj8IvohxwPA&_nc_sid=4a9e64,33,1279,30888,12724,Reels
CeGAAfgFsiF,narasi.tv,https://www.instagram.com/reel/narasi.tv/video/2847963848182777989_6962813839,58.12,"Peran anak dalam kehidupan orang tua sangatlah penting. Selain menjadi generasi penerus, juga sebagai pengingat password pesbuküòÇ
ib: mellacarli

Kolaborator : @charissaidan @narasi.ecosystem

#JadiPaham #GetStarted #StartWhereYouAt #Narasi #GSReels #kolaborasidinarasi",2022-05-28 14:43:27,https://instagram.fcgk37-1.fna.fbcdn.net/v/t50.2886-16/285052478_571626627861731_6857873055214594494_n.mp4?efg=eyJ2ZW5jb2RlX3RhZyI6InZ0c192b2RfdXJsZ2VuLjQ4MC5jbGlwcy5iYXNlbGluZSIsInFlX2dyb3VwcyI6IltcImlnX3dlYl9kZWxpdmVyeV92dHNfb3RmXCJdIn0&_nc_ht=instagram.fcgk37-1.fna.fbcdn.net&_nc_cat=111&_nc_ohc=n7Z3r3LHeAcAX9k7lf3&edm=ACHbZRIBAAAA&vs=1058893118069026_3437308535&_nc_vs=HBksFQAYJEdENk8tUkRqREJreTVBY0NBTDdweVlvMUR5eGZicV9FQUFBRhUAAsgBABUAGCRHUDVMOXhDUFFpOHlnblFBQUFZN3p1N1RNU1YtYnFfRUFBQUYVAgLIAQAoABgAGwAVAAAm%2FNTL5KGk1T8VAigCQzMsF0BNCHKwIMScGBJkYXNoX2Jhc2VsaW5lXzJfdjERAHX%2BBwA%3D&_nc_rid=c1795deb4d&ccb=7-5&oe=629D4253&oh=00_AT96A9IpWFOyB_li7S7NQKTHzvIbzoLuXyJcrXq6vhpqCg&_nc_sid=4a9e64,294,8776,146223,76654,Reels
CeF5GidlJuL,narasi.tv,https://www.instagram.com/reel/narasi.tv/video/2847933477353200523_6962813839,60.094,"Kamu suka banget, banget, banget dengan idolamu? It's ok. Bahasa kerennya: hubungan parasosial. Eh apa itu, cek yuk | Buka Data 

#Narasi #JadiPaham #BukaData #ParaSosial",2022-05-28 13:44:56,https://instagram.fcgk37-2.fna.fbcdn.net/v/t50.2886-16/284605721_815199606122569_6566204882006375319_n.mp4?efg=eyJ2ZW5jb2RlX3RhZyI6InZ0c192b2RfdXJsZ2VuLjQ4MC5jbGlwcy5iYXNlbGluZSIsInFlX2dyb3VwcyI6IltcImlnX3dlYl9kZWxpdmVyeV92dHNfb3RmXCJdIn0&_nc_ht=instagram.fcgk37-2.fna.fbcdn.net&_nc_cat=101&_nc_ohc=MVjDjA1CUs0AX-y7R1r&edm=ACHbZRIBAAAA&vs=532818784986498_2896748003&_nc_vs=HBksFQAYJEdCbTk5aEJKcVBGeWFfVUNBSmY3YkFxTjJCOWJicV9FQUFBRhUAAsgBABUAGCRHRFJvN0JEYjY3Qk81Y2NCQUFtTWFsbnBZQ2s0YnFfRUFBQUYVAgLIAQAoABgAGwAVAAAmnsLcyvXQ6D8VAigCQzMsF0BOBDlYEGJOGBJkYXNoX2Jhc2VsaW5lXzJfdjERAHX%2BBwA%3D&_nc_rid=a2a23ab1e5&ccb=7-5&oe=629C9C69&oh=00_AT89KxCpy1s5aARtFvQ2L7CK-OQaBlI2JlqyTmuibZTtKQ&_nc_sid=4a9e64,23,1993,56635,36115,Reels
CeFyEqYlf5R,narasi.tv,https://www.instagram.com/reel/narasi.tv/video/2847902562094808657_6962813839,60.117,"Hobi mahal biasanya dilakoni oleh orang-orang yang memiliki kemampuan ekonomi yang lumayan, ya walaupun nggak ada larangan siapa aja yang menggelutinya.

Seperti yang dijalani oleh Rizen Panji seorang content writer di salah satu media online dan Mblo Rizki seorang content creator. Pekerjaan yang mereka geluti sekarang ibarat hobi yang dibayar, coba siapa yang kepengen kayak gitu? Nggak tanggung-tanggung, hobinya pun juga nggak murahan pula. | Narasi 

#NamanyaJugaLyfe #Otomotif #Hobi #NarasiOriginal",2022-05-28 12:41:46,https://instagram.fcgk37-1.fna.fbcdn.net/v/t50.2886-16/284092661_1011991579682081_942275153958221164_n.mp4?efg=eyJ2ZW5jb2RlX3RhZyI6InZ0c192b2RfdXJsZ2VuLjQ4MC5jbGlwcy5iYXNlbGluZSIsInFlX2dyb3VwcyI6IltcImlnX3dlYl9kZWxpdmVyeV92dHNfb3RmXCJdIn0&_nc_ht=instagram.fcgk37-1.fna.fbcdn.net&_nc_cat=105&_nc_ohc=KgbjrxvTkO0AX_bx_wT&tn=eFLwVbSMUqQ_bHKN&edm=ACHbZRIBAAAA&vs=4906120849517108_3745398533&_nc_vs=HBksFQAYJEdQWG83aEFoWlpfbVpwZ0RBR3cxVzVoQ29oTU5icV9FQUFBRhUAAsgBABUAGCRHQWc4OUJDaUZneUZBSVFDQUQxMzNIZDJoNjB6YnFfRUFBQUYVAgLIAQAoABgAGwAVAAAm8pj%2B7fO23j8VAigCQzMsF0BOCHKwIMScGBJkYXNoX2Jhc2VsaW5lXzJfdjERAHX%2BBwA%3D&_nc_rid=a2a2342401&ccb=7-5&oe=629D3B9E&oh=00_AT_KS0NNFlvesQvOMNTZXpB0K-gDabp-BCbfTYz0InwN1g&_nc_sid=4a9e64,8,944,33293,18023,Reels
CeFq_aLF62M,narasi.tv,https://www.instagram.com/reel/narasi.tv/video/2847871414765596044_6962813839,26.053,"Nih! Buat kamu yang lagi demam Stranger Things Season 4, dengerin ini dulu.

Pakai apa pun yang penting nyaman nomer satu. Setuju enggak nih, sama Millie Bobby Brown? | WMN by Narasi

@wmnbynarasi 

#BerFlowerBarengWMN #WMNWords #Words #WMNbyNarasi #WMNtribe #MillieBobbyBrown #KataKataSakti #Empowerment",2022-05-28 11:40:14,https://instagram.fcgk37-2.fna.fbcdn.net/v/t50.2886-16/284625145_158747609975718_4417922520649701037_n.mp4?efg=eyJ2ZW5jb2RlX3RhZyI6InZ0c192b2RfdXJsZ2VuLjQ4MC5jbGlwcy5iYXNlbGluZSIsInFlX2dyb3VwcyI6IltcImlnX3dlYl9kZWxpdmVyeV92dHNfb3RmXCJdIn0&_nc_ht=instagram.fcgk37-2.fna.fbcdn.net&_nc_cat=106&_nc_ohc=OYNh0ZV32fMAX95D5mI&edm=ACHbZRIBAAAA&vs=2050869261741920_2776667932&_nc_vs=HBksFQAYJEdQa0k5eENteV9aT1laQUFBSzBXaGhnZ25VODlicV9FQUFBRhUAAsgBABUAGCRHTzA3OUJCbTd5SUZTZVVCQUN0c1hkdFdYUk5DYnFfRUFBQUYVAgLIAQAoABgAGwAVAAAm%2FNiomLCQ5j8VAigCQzMsF0A6AAAAAAAAGBJkYXNoX2Jhc2VsaW5lXzJfdjERAHX%2BBwA%3D&_nc_rid=a2a2345d7f&ccb=7-5&oe=629D84CE&oh=00_AT9VI7qWvSh-NpA8gRC_OqbSog8lKkfA7q1tv89hbenhKw&_nc_sid=4a9e64,7,573,16354,5997,Reels
CeFjd5elZRU,narasi.tv,https://www.instagram.com/reel/narasi.tv/video/2847838325590824020_6962813839,58.259,"Hustle culture bikin kita lupa kalau sebenarnya kita bisa lebih relaks dalam menjalani hidup, termasuk ngobrol A sampai Z sambil ngemil pisang goreng. 

Temukan insight keren lainnya di obrolan Najwa Shihab bareng NIKI. Eksklusif di YouTube Najwa Shihab dan website www.narasi.tv. | Mata Najwa

@sasamelezatkan

| Mata Najwa
#MelihatLebihDekat #SasaTepungBumbuBervitamindanBemineral
 #SantanSehatYaSasaSantan",2022-05-28 10:34:38,https://instagram.fcgk37-1.fna.fbcdn.net/v/t50.2886-16/284625810_341028291309824_4783543200867665947_n.mp4?efg=eyJ2ZW5jb2RlX3RhZyI6InZ0c192b2RfdXJsZ2VuLjQ4MC5jbGlwcy5iYXNlbGluZSIsInFlX2dyb3VwcyI6IltcImlnX3dlYl9kZWxpdmVyeV92dHNfb3RmXCJdIn0&_nc_ht=instagram.fcgk37-1.fna.fbcdn.net&_nc_cat=108&_nc_ohc=yQjdP_a5GXgAX_N8ql1&edm=ACHbZRIBAAAA&vs=3047954255517421_1829973643&_nc_vs=HBksFQAYJEdKSUw5eEFBY1NuV0tUWUJBQnZJYzJjeWoySkNicV9FQUFBRhUAAsgBABUAGCRHR1B3NUJEelB2QV81UDRCQUZzN25BSHRsbmhNYnFfRUFBQUYVAgLIAQAoABgAGwAVAAAm9tu3yoDl5j8VAigCQzMsF0BNGZmZmZmaGBJkYXNoX2Jhc2VsaW5lXzJfdjERAHX%2BBwA%3D&_nc_rid=a2a23f27bb&ccb=7-5&oe=629CD58F&oh=00_AT_pfOCIcsgcVQoqtgOpw8RJ5WOE6rYk3hfR_jR5fo4Z0g&_nc_sid=4a9e64,8,1152,24903,10863,Reels
CeD--YmFp6W,narasi.tv,https://www.instagram.com/reel/narasi.tv/video/2847396355328351894_6962813839,60.024,"Menurut kamu, kapan waktu yang tepat untuk resign?

Saksikan selengkapnya episode ‚ÄúKantor Pindah-Pindah, Cari yang Nyaman atau Lo yang Insecure?‚Äù bersama @semakindidevan, hanya di YouTube Narasi | InMySotoyOpinion

#IMSO #InMySotoyOpinion #Narasi #JadiPaham",2022-05-27 20:02:46,https://instagram.fcgk37-1.fna.fbcdn.net/v/t50.2886-16/284521740_152596600612676_4045725974999819339_n.mp4?efg=eyJ2ZW5jb2RlX3RhZyI6InZ0c192b2RfdXJsZ2VuLjQ4MC5jbGlwcy5iYXNlbGluZSIsInFlX2dyb3VwcyI6IltcImlnX3dlYl9kZWxpdmVyeV92dHNfb3RmXCJdIn0&_nc_ht=instagram.fcgk37-1.fna.fbcdn.net&_nc_cat=108&_nc_ohc=5er30NxM5ccAX9sBvtP&edm=ACHbZRIBAAAA&vs=520056659855254_2356069485&_nc_vs=HBksFQAYJEdBeDE5UkJFWnl3cXlZb0FBRXRrYjg1V1RpVTRicV9FQUFBRhUAAsgBABUAGCRHRGJpNVJBM2dOZndQZ0lDQUJfQk10aVFaeGdIYnFfRUFBQUYVAgLIAQAoABgAGwAVAAAmhN%2F1wvSa3z8VAigCQzMsF0BN%2B6XjU%2FfPGBJkYXNoX2Jhc2VsaW5lXzJfdjERAHX%2BBwA%3D&_nc_rid=a2a23cf786&ccb=7-5&oe=629C7A25&oh=00_AT8LpG8ZMKFsTQZ-uGKtcH2l9eFQLgrPxMDTPArPa1G-ig&_nc_sid=4a9e64,26,1584,43718,24244,Reels
CeDr-RXlMHz,narasi.tv,https://www.instagram.com/reel/narasi.tv/video/2847312784685056499_6962813839,59.629,"Nyebelin banget punya teman yang sering komentar outfit kita. Kamu Punya teman kaya gini nggak? | InMySotoyOpinion 

#Narasi #JadiPaham #IMSO #OOTD #Fashion #Thirfting #NarasiOriginal",2022-05-27 17:15:06,https://instagram.fcgk37-2.fna.fbcdn.net/v/t50.2886-16/284229379_843149393351796_2250322309128812452_n.mp4?efg=eyJ2ZW5jb2RlX3RhZyI6InZ0c192b2RfdXJsZ2VuLjQ4MC5jbGlwcy5iYXNlbGluZSIsInFlX2dyb3VwcyI6IltcImlnX3dlYl9kZWxpdmVyeV92dHNfb3RmXCJdIn0&_nc_ht=instagram.fcgk37-2.fna.fbcdn.net&_nc_cat=100&_nc_ohc=50ZBO9xu7l8AX-IyT-f&edm=ACHbZRIBAAAA&vs=747438716411827_4189153464&_nc_vs=HBksFQAYJEdBUC04QkIwVkJVRTEtNENBS1Izd3FrM3dEb2ZicV9FQUFBRhUAAsgBABUAGCRHUHYxOWhENGFpMWVFUzhGQUxEcXNJSHE0alFjYnFfRUFBQUYVAgLIAQAoABgAGwAVAAAmhKicjMiK90AVAigCQzMsF0BNyHKwIMScGBJkYXNoX2Jhc2VsaW5lXzJfdjERAHX%2BBwA%3D&_nc_rid=a2a230d8ba&ccb=7-5&oe=629D3C95&oh=00_AT8NjN57A0AAWFKzCuFbVg4-DSuxTBAFDd5XJ439LqnceA&_nc_sid=4a9e64,97,2646,59297,29716,Reels
CeDdTBzlDBz,narasi.tv,https://www.instagram.com/reel/narasi.tv/video/2847248240386257011_6962813839,55.125,"Secercah gambaran kalau aku jadi tour guide cabang Depok, nggak harus mahal tapi bisa healing tipis-tipis. Jagoan Depok, merapat! Ada inspirasi kerjaan baru buat kalian dari @azizahmira üòõ | Get Started

@getstarted.narasi

#Narasi #JadiPaham #GSKolaborator #GetStarted #StartWhereYouAt",2022-05-27 15:01:31,https://instagram.fcgk37-2.fna.fbcdn.net/v/t50.2886-16/283708713_1036799113895953_626352101952406424_n.mp4?efg=eyJ2ZW5jb2RlX3RhZyI6InZ0c192b2RfdXJsZ2VuLjQ4MC5jbGlwcy5iYXNlbGluZSIsInFlX2dyb3VwcyI6IltcImlnX3dlYl9kZWxpdmVyeV92dHNfb3RmXCJdIn0&_nc_ht=instagram.fcgk37-2.fna.fbcdn.net&_nc_cat=101&_nc_ohc=9IM2QGloh-EAX9S-0C4&edm=ACHbZRIBAAAA&vs=603745567398884_4199861362&_nc_vs=HBksFQAYJEdDa042UkFSSU9PYTlxNERBSmhETVEzclA3RUlicV9FQUFBRhUAAsgBABUAGCRHRUFwN0JDZXYzTGZYSkFGQUU5YjV2VXNXNlZUYnFfRUFBQUYVAgLIAQAoABgAGwAVAAAmgO2r9uXC2j8VAigCQzMsF0BLiHKwIMScGBJkYXNoX2Jhc2VsaW5lXzJfdjERAHX%2BBwA%3D&_nc_rid=a2a23cbe35&ccb=7-5&oe=629D4163&oh=00_AT8GAM6ZelrpVgo0Ju_8cmiilGIg8saXQKaQDXyShtN0rg&_nc_sid=4a9e64,322,8072,200663,118047,Reels
CeDCI4LFWaK,narasi.tv,https://www.instagram.com/reel/narasi.tv/video/2847128795592615562_6962813839,38.708,"Kenal Malala? 

Pada 9 Oktober 2012 lampau, saat ia berusia 15 tahun, di bus dalam perjalanan menuju sekolah, Malala ditembak oleh Taliban. Peluru menembus kepalanya. Peristiwa ini membuat dunia gempar.

Setelah pulih, Malala makin lantang bersuara untuk hak-hak perempuan. Ia menerima Nobel Perdamaian saat usianya 17 tahun, menjadi penerima Nobel paling muda saat itu. 

Ia berjuang untuk perubahan. Salut! | WMN by Narasi
@wmnbynarasi 

#BerFlowerBarengWMN #BerFlowerBareng #WMNtribe #WMNbyNarasi #WMNWords #Words! #Malala #Malala #MalalaYousafzai #Kesetaraan #Narasi #JadiPaham",2022-05-27 11:06:50,https://instagram.fcgk37-1.fna.fbcdn.net/v/t50.2886-16/284042419_885877039479943_713779180762548231_n.mp4?efg=eyJ2ZW5jb2RlX3RhZyI6InZ0c192b2RfdXJsZ2VuLjQ4MC5jbGlwcy5iYXNlbGluZSIsInFlX2dyb3VwcyI6IltcImlnX3dlYl9kZWxpdmVyeV92dHNfb3RmXCJdIn0&_nc_ht=instagram.fcgk37-1.fna.fbcdn.net&_nc_cat=107&_nc_ohc=vlI-FoAZqKkAX-iCGHk&tn=eFLwVbSMUqQ_bHKN&edm=ACHbZRIBAAAA&vs=330550995722122_517621979&_nc_vs=HBksFQAYJEdMTWs3aENIdkVCU3N5VURBQWZJYXhWaTJ1Y0picV9FQUFBRhUAAsgBABUAGCRHUDBfNlJBZ3R6R1JoSEVDQUtNRmR6WGVnWUlkYnFfRUFBQUYVAgLIAQAoABgAGwAVAAAmspuLydKP5D8VAigCQzMsF0BDUQYk3S8bGBJkYXNoX2Jhc2VsaW5lXzJfdjERAHX%2BBwA%3D&_nc_rid=a2a2378106&ccb=7-5&oe=629D6F52&oh=00_AT_zdD9OjKoHhqxVmKUJPyoAYo291UkhPY4Ar1omtOyfrg&_nc_sid=4a9e64,23,4191,66289,37969,Reels
CeC66D9lbvb,narasi.tv,https://www.instagram.com/reel/narasi.tv/video/2847096991133318107_6962813839,16.603,"Baru gajian eh tiba-tiba udah dimintain aja. Pernah gak sih kamu ngalamin kayak gitu? 

Coba kalo berani, tag teman kamu yang hobi ngutang!ü§™ | #InMySotoyOpinion 

#Narasi #JadiPaham #IMSO #PinjamanOnline #Hutang #PinjolIlegal #NarasiOriginal",2022-05-27 10:02:11,https://instagram.fcgk37-1.fna.fbcdn.net/v/t50.2886-16/284053587_791319028697601_286281732298497922_n.mp4?efg=eyJ2ZW5jb2RlX3RhZyI6InZ0c192b2RfdXJsZ2VuLjQ4MC5jbGlwcy5iYXNlbGluZSIsInFlX2dyb3VwcyI6IltcImlnX3dlYl9kZWxpdmVyeV92dHNfb3RmXCJdIn0&_nc_ht=instagram.fcgk37-1.fna.fbcdn.net&_nc_cat=109&_nc_ohc=ZayVtbBHf4AAX9Zhewr&edm=ACHbZRIBAAAA&vs=572018991005992_2654857739&_nc_vs=HBksFQAYJEdGTlE3aEFCQ3B4UnM4OENBSUxmVmZfM0Uta0RicV9FQUFBRhUAAsgBABUAGCRHSUJCOFJEMlE0cFpqeDRFQUFwaGR0LWJPSHAzYnFfRUFBQUYVAgLIAQAoABgAGwAVAAAmmOLsjf7i1EAVAigCQzMsF0AwkOVgQYk3GBJkYXNoX2Jhc2VsaW5lXzJfdjERAHX%2BBwA%3D&_nc_rid=a2a230c125&ccb=7-5&oe=629D0AB5&oh=00_AT_xD2ZDSa2DbxlLG8D36HvPwvQ0e4NIA4wTecJn62QMZQ&_nc_sid=4a9e64,15,1589,54767,31448,Reels
CeBMHRkFrDi,narasi.tv,https://www.instagram.com/reel/narasi.tv/video/2846609715928412386_6962813839,58.863,"Coachella bukan sekadar perayaan. Coachella adalah pencapaian para musisi dunia. Bagi sebagian lainnya, hadir di ajang musik paling populer ini juga sebuah impian.

Kalau kamu, punya wishlist nonton konser dan festival musik apa aja nih?

Nonton episode lengkap Mata Najwa di Coachella, sudah tayang di YouTube Najwa Shihab dan website www.narasi.tv.

@grabid

| Mata Najwa
#MelihatLebihDekat #MataNajwa #Coachella #Percaya",2022-05-26 17:54:06,https://instagram.fcgk37-1.fna.fbcdn.net/v/t50.2886-16/283841806_552302403119579_1798186525864386457_n.mp4?efg=eyJ2ZW5jb2RlX3RhZyI6InZ0c192b2RfdXJsZ2VuLjQ4MC5jbGlwcy5iYXNlbGluZSIsInFlX2dyb3VwcyI6IltcImlnX3dlYl9kZWxpdmVyeV92dHNfb3RmXCJdIn0&_nc_ht=instagram.fcgk37-1.fna.fbcdn.net&_nc_cat=111&_nc_ohc=fryX0ix6o0sAX82gwBC&edm=ACHbZRIBAAAA&vs=779460743284720_2073313348&_nc_vs=HBksFQAYJEdBNFY2eERiNll2c1VQWUJBSmxmQ2pvZWNmUVlicV9FQUFBRhUAAsgBABUAGCRHRTZTN3hDZDhqdC0tUWdDQUYxVzZLUkpsUXNqYnFfRUFBQUYVAgLIAQAoABgAGwAVAAAmiqKw9JX41T8VAigCQzMsF0BNZmZmZmZmGBJkYXNoX2Jhc2VsaW5lXzJfdjERAHX%2BBwA%3D&_nc_rid=a2a239673b&ccb=7-5&oe=629CEE5A&oh=00_AT9QKbwytMTJ-USkNMb5d6S-VnSDgwX4F2w8jflTZCzMmg&_nc_sid=4a9e64,2,610,13547,6312,Reels
CeA_5rsl5zl,narasi.tv,https://www.instagram.com/reel/narasi.tv/video/2846556005357559013_6962813839,21.734,"Pasukan crew pas shooting.ü§£

ib: julianadamh

@charissaidan @asminurais kolabortor @narasi.ecosystem

@getstarted.narasi 

#JadiPaham #GetStarted #StartWhereYouAt #Narasi #KolaborsiDiNarasi",2022-05-26 16:06:37,https://instagram.fcgk37-2.fna.fbcdn.net/v/t50.2886-16/284439841_695874614834560_7902680023398881927_n.mp4?efg=eyJ2ZW5jb2RlX3RhZyI6InZ0c192b2RfdXJsZ2VuLjQ4MC5jbGlwcy5iYXNlbGluZSIsInFlX2dyb3VwcyI6IltcImlnX3dlYl9kZWxpdmVyeV92dHNfb3RmXCJdIn0&_nc_ht=instagram.fcgk37-2.fna.fbcdn.net&_nc_cat=104&_nc_ohc=Kxrmy1--FFIAX9QT_p7&tn=eFLwVbSMUqQ_bHKN&edm=ACHbZRIBAAAA&vs=542050530947127_784417980&_nc_vs=HBksFQAYJEdDRTE5QkNBdFRudjVIZ0NBSWNhUkhDYzlhdHRicV9FQUFBRhUAAsgBABUAGCRHQUluOFJDaWVjWXc1eTBCQU1XdHZCVHJjd1JmYnFfRUFBQUYVAgLIAQAoABgAGwAVAAAmvJno85K46T8VAigCQzMsF0A1qn752yLRGBJkYXNoX2Jhc2VsaW5lXzJfdjERAHX%2BBwA%3D&_nc_rid=a2a23fccb3&ccb=7-5&oe=629D1BD1&oh=00_AT8m6GKnewAWk5vnfazg9zwENdxmbW-2FxClmS7BJUHdfA&_nc_sid=4a9e64,102,5024,107291,59133,Reels
CeA5mX8FTPw,narasi.tv,https://www.instagram.com/reel/narasi.tv/video/2846528290193486832_6962813839,56.564,"Hobi mahal biasanya dilakoni oleh orang-orang yang memiliki kemampuan ekonomi yang lumayan, ya walaupun nggak ada larangan siapa aja yang menggelutinya.

Seperti yang dijalani oleh Rizen Panji seorang content writer di salah satu media online dan Mblo Rizki seorang content creator. Pekerjaan yang mereka geluti sekarang ibarat hobi yang dibayar, coba siapa yang kepengen kayak gitu? Nggak tanggung-tanggung, hobinya pun juga nggak murahan pula.

#NamanyaJugaLyfe #Otomotif #Hobi #NarasiOriginal",2022-05-26 15:12:34,https://instagram.fcgk37-1.fna.fbcdn.net/v/t50.2886-16/284130378_528588092080991_9045527378232992175_n.mp4?efg=eyJ2ZW5jb2RlX3RhZyI6InZ0c192b2RfdXJsZ2VuLjQ4MC5jbGlwcy5iYXNlbGluZSIsInFlX2dyb3VwcyI6IltcImlnX3dlYl9kZWxpdmVyeV92dHNfb3RmXCJdIn0&_nc_ht=instagram.fcgk37-1.fna.fbcdn.net&_nc_cat=111&_nc_ohc=JOAbGsGPHtcAX9Zv9-5&edm=ACHbZRIBAAAA&vs=582218629833273_2218016480&_nc_vs=HBksFQAYJEdFcDg3eEJmQTNhQnZfQUJBSy1ocGFrNUs0aDlicV9FQUFBRhUAAsgBABUAGCRHR0N0OEJDUXZiSWRjdlVCQUk2VUNQOXNJblUzYnFfRUFBQUYVAgLIAQAoABgAGwAVAAAmtISJ0sKN0kAVAigCQzMsF0BMQAAAAAAAGBJkYXNoX2Jhc2VsaW5lXzJfdjERAHX%2BBwA%3D&_nc_rid=a2a235c0ac&ccb=7-5&oe=629CAEA9&oh=00_AT_Ix63CUKAsoTc6vvONbOPd_zBf9DYZWt83FMgEA7NB2Q&_nc_sid=4a9e64,8,1437,51142,30018,Reels
CeF5GidlJuL,narasi.tv,https://www.instagram.com/reel/narasi.tv/video/2847933477353200523_6962813839,60.094,"Kamu suka banget, banget, banget dengan idolamu? It's ok. Bahasa kerennya: hubungan parasosial. Eh apa itu, cek yuk | Buka Data 

#Narasi #JadiPaham #BukaData #ParaSosial",2022-05-28 13:44:56,https://instagram.fcgk37-2.fna.fbcdn.net/v/t50.2886-16/284605721_815199606122569_6566204882006375319_n.mp4?efg=eyJ2ZW5jb2RlX3RhZyI6InZ0c192b2RfdXJsZ2VuLjQ4MC5jbGlwcy5iYXNlbGluZSIsInFlX2dyb3VwcyI6IltcImlnX3dlYl9kZWxpdmVyeV92dHNfb3RmXCJdIn0&_nc_ht=instagram.fcgk37-2.fna.fbcdn.net&_nc_cat=101&_nc_ohc=MVjDjA1CUs0AX-y7R1r&edm=ACHbZRIBAAAA&vs=532818784986498_2896748003&_nc_vs=HBksFQAYJEdCbTk5aEJKcVBGeWFfVUNBSmY3YkFxTjJCOWJicV9FQUFBRhUAAsgBABUAGCRHRFJvN0JEYjY3Qk81Y2NCQUFtTWFsbnBZQ2s0YnFfRUFBQUYVAgLIAQAoABgAGwAVAAAmnsLcyvXQ6D8VAigCQzMsF0BOBDlYEGJOGBJkYXNoX2Jhc2VsaW5lXzJfdjERAHX%2BBwA%3D&_nc_rid=9bc7f546dc&ccb=7-5&oe=629C9C69&oh=00_AT89KxCpy1s5aARtFvQ2L7CK-OQaBlI2JlqyTmuibZTtKQ&_nc_sid=4a9e64,23,1993,56635,36115,Reels
CeFyEqYlf5R,narasi.tv,https://www.instagram.com/reel/narasi.tv/video/2847902562094808657_6962813839,60.117,"Hobi mahal biasanya dilakoni oleh orang-orang yang memiliki kemampuan ekonomi yang lumayan, ya walaupun nggak ada larangan siapa aja yang menggelutinya.

Seperti yang dijalani oleh Rizen Panji seorang content writer di salah satu media online dan Mblo Rizki seorang content creator. Pekerjaan yang mereka geluti sekarang ibarat hobi yang dibayar, coba siapa yang kepengen kayak gitu? Nggak tanggung-tanggung, hobinya pun juga nggak murahan pula. | Narasi 

#NamanyaJugaLyfe #Otomotif #Hobi #NarasiOriginal",2022-05-28 12:41:46,https://instagram.fcgk37-1.fna.fbcdn.net/v/t50.2886-16/284092661_1011991579682081_942275153958221164_n.mp4?efg=eyJ2ZW5jb2RlX3RhZyI6InZ0c192b2RfdXJsZ2VuLjQ4MC5jbGlwcy5iYXNlbGluZSIsInFlX2dyb3VwcyI6IltcImlnX3dlYl9kZWxpdmVyeV92dHNfb3RmXCJdIn0&_nc_ht=instagram.fcgk37-1.fna.fbcdn.net&_nc_cat=105&_nc_ohc=KgbjrxvTkO0AX_bx_wT&tn=eFLwVbSMUqQ_bHKN&edm=ACHbZRIBAAAA&vs=4906120849517108_3745398533&_nc_vs=HBksFQAYJEdQWG83aEFoWlpfbVpwZ0RBR3cxVzVoQ29oTU5icV9FQUFBRhUAAsgBABUAGCRHQWc4OUJDaUZneUZBSVFDQUQxMzNIZDJoNjB6YnFfRUFBQUYVAgLIAQAoABgAGwAVAAAm8pj%2B7fO23j8VAigCQzMsF0BOCHKwIMScGBJkYXNoX2Jhc2VsaW5lXzJfdjERAHX%2BBwA%3D&_nc_rid=9bc7f0885a&ccb=7-5&oe=629D3B9E&oh=00_AT_KS0NNFlvesQvOMNTZXpB0K-gDabp-BCbfTYz0InwN1g&_nc_sid=4a9e64,8,944,33293,18023,Reels
CeFq_aLF62M,narasi.tv,https://www.instagram.com/reel/narasi.tv/video/2847871414765596044_6962813839,26.053,"Nih! Buat kamu yang lagi demam Stranger Things Season 4, dengerin ini dulu.

Pakai apa pun yang penting nyaman nomer satu. Setuju enggak nih, sama Millie Bobby Brown? | WMN by Narasi

@wmnbynarasi 

#BerFlowerBarengWMN #WMNWords #Words #WMNbyNarasi #WMNtribe #MillieBobbyBrown #KataKataSakti #Empowerment",2022-05-28 11:40:14,https://instagram.fcgk37-2.fna.fbcdn.net/v/t50.2886-16/284625145_158747609975718_4417922520649701037_n.mp4?efg=eyJ2ZW5jb2RlX3RhZyI6InZ0c192b2RfdXJsZ2VuLjQ4MC5jbGlwcy5iYXNlbGluZSIsInFlX2dyb3VwcyI6IltcImlnX3dlYl9kZWxpdmVyeV92dHNfb3RmXCJdIn0&_nc_ht=instagram.fcgk37-2.fna.fbcdn.net&_nc_cat=106&_nc_ohc=OYNh0ZV32fMAX95D5mI&edm=ACHbZRIBAAAA&vs=2050869261741920_2776667932&_nc_vs=HBksFQAYJEdQa0k5eENteV9aT1laQUFBSzBXaGhnZ25VODlicV9FQUFBRhUAAsgBABUAGCRHTzA3OUJCbTd5SUZTZVVCQUN0c1hkdFdYUk5DYnFfRUFBQUYVAgLIAQAoABgAGwAVAAAm%2FNiomLCQ5j8VAigCQzMsF0A6AAAAAAAAGBJkYXNoX2Jhc2VsaW5lXzJfdjERAHX%2BBwA%3D&_nc_rid=9bc7f25dae&ccb=7-5&oe=629D84CE&oh=00_AT9VI7qWvSh-NpA8gRC_OqbSog8lKkfA7q1tv89hbenhKw&_nc_sid=4a9e64,7,573,16354,5997,Reels
CeFjd5elZRU,narasi.tv,https://www.instagram.com/reel/narasi.tv/video/2847838325590824020_6962813839,58.259,"Hustle culture bikin kita lupa kalau sebenarnya kita bisa lebih relaks dalam menjalani hidup, termasuk ngobrol A sampai Z sambil ngemil pisang goreng. 

Temukan insight keren lainnya di obrolan Najwa Shihab bareng NIKI. Eksklusif di YouTube Najwa Shihab dan website www.narasi.tv. | Mata Najwa

@sasamelezatkan

| Mata Najwa
#MelihatLebihDekat #SasaTepungBumbuBervitamindanBemineral
 #SantanSehatYaSasaSantan",2022-05-28 10:34:38,https://instagram.fcgk37-1.fna.fbcdn.net/v/t50.2886-16/284625810_341028291309824_4783543200867665947_n.mp4?efg=eyJ2ZW5jb2RlX3RhZyI6InZ0c192b2RfdXJsZ2VuLjQ4MC5jbGlwcy5iYXNlbGluZSIsInFlX2dyb3VwcyI6IltcImlnX3dlYl9kZWxpdmVyeV92dHNfb3RmXCJdIn0&_nc_ht=instagram.fcgk37-1.fna.fbcdn.net&_nc_cat=108&_nc_ohc=yQjdP_a5GXgAX_N8ql1&edm=ACHbZRIBAAAA&vs=3047954255517421_1829973643&_nc_vs=HBksFQAYJEdKSUw5eEFBY1NuV0tUWUJBQnZJYzJjeWoySkNicV9FQUFBRhUAAsgBABUAGCRHR1B3NUJEelB2QV81UDRCQUZzN25BSHRsbmhNYnFfRUFBQUYVAgLIAQAoABgAGwAVAAAm9tu3yoDl5j8VAigCQzMsF0BNGZmZmZmaGBJkYXNoX2Jhc2VsaW5lXzJfdjERAHX%2BBwA%3D&_nc_rid=9bc7f36546&ccb=7-5&oe=629CD58F&oh=00_AT_pfOCIcsgcVQoqtgOpw8RJ5WOE6rYk3hfR_jR5fo4Z0g&_nc_sid=4a9e64,8,1152,24903,10863,Reels
CeD--YmFp6W,narasi.tv,https://www.instagram.com/reel/narasi.tv/video/2847396355328351894_6962813839,60.024,"Menurut kamu, kapan waktu yang tepat untuk resign?

Saksikan selengkapnya episode ‚ÄúKantor Pindah-Pindah, Cari yang Nyaman atau Lo yang Insecure?‚Äù bersama @semakindidevan, hanya di YouTube Narasi | InMySotoyOpinion

#IMSO #InMySotoyOpinion #Narasi #JadiPaham",2022-05-27 20:02:46,https://instagram.fcgk37-1.fna.fbcdn.net/v/t50.2886-16/284521740_152596600612676_4045725974999819339_n.mp4?efg=eyJ2ZW5jb2RlX3RhZyI6InZ0c192b2RfdXJsZ2VuLjQ4MC5jbGlwcy5iYXNlbGluZSIsInFlX2dyb3VwcyI6IltcImlnX3dlYl9kZWxpdmVyeV92dHNfb3RmXCJdIn0&_nc_ht=instagram.fcgk37-1.fna.fbcdn.net&_nc_cat=108&_nc_ohc=5er30NxM5ccAX9sBvtP&edm=ACHbZRIBAAAA&vs=520056659855254_2356069485&_nc_vs=HBksFQAYJEdBeDE5UkJFWnl3cXlZb0FBRXRrYjg1V1RpVTRicV9FQUFBRhUAAsgBABUAGCRHRGJpNVJBM2dOZndQZ0lDQUJfQk10aVFaeGdIYnFfRUFBQUYVAgLIAQAoABgAGwAVAAAmhN%2F1wvSa3z8VAigCQzMsF0BN%2B6XjU%2FfPGBJkYXNoX2Jhc2VsaW5lXzJfdjERAHX%2BBwA%3D&_nc_rid=9bc7f35134&ccb=7-5&oe=629C7A25&oh=00_AT8LpG8ZMKFsTQZ-uGKtcH2l9eFQLgrPxMDTPArPa1G-ig&_nc_sid=4a9e64,26,1584,43718,24244,Reels
CeDr-RXlMHz,narasi.tv,https://www.instagram.com/reel/narasi.tv/video/2847312784685056499_6962813839,59.629,"Nyebelin banget punya teman yang sering komentar outfit kita. Kamu Punya teman kaya gini nggak? | InMySotoyOpinion 

#Narasi #JadiPaham #IMSO #OOTD #Fashion #Thirfting #NarasiOriginal",2022-05-27 17:15:06,https://instagram.fcgk37-2.fna.fbcdn.net/v/t50.2886-16/284229379_843149393351796_2250322309128812452_n.mp4?efg=eyJ2ZW5jb2RlX3RhZyI6InZ0c192b2RfdXJsZ2VuLjQ4MC5jbGlwcy5iYXNlbGluZSIsInFlX2dyb3VwcyI6IltcImlnX3dlYl9kZWxpdmVyeV92dHNfb3RmXCJdIn0&_nc_ht=instagram.fcgk37-2.fna.fbcdn.net&_nc_cat=100&_nc_ohc=50ZBO9xu7l8AX-IyT-f&edm=ACHbZRIBAAAA&vs=747438716411827_4189153464&_nc_vs=HBksFQAYJEdBUC04QkIwVkJVRTEtNENBS1Izd3FrM3dEb2ZicV9FQUFBRhUAAsgBABUAGCRHUHYxOWhENGFpMWVFUzhGQUxEcXNJSHE0alFjYnFfRUFBQUYVAgLIAQAoABgAGwAVAAAmhKicjMiK90AVAigCQzMsF0BNyHKwIMScGBJkYXNoX2Jhc2VsaW5lXzJfdjERAHX%2BBwA%3D&_nc_rid=9bc7f5455c&ccb=7-5&oe=629D3C95&oh=00_AT8NjN57A0AAWFKzCuFbVg4-DSuxTBAFDd5XJ439LqnceA&_nc_sid=4a9e64,97,2646,59297,29716,Reels
CeDdTBzlDBz,narasi.tv,https://www.instagram.com/reel/narasi.tv/video/2847248240386257011_6962813839,55.125,"Secercah gambaran kalau aku jadi tour guide cabang Depok, nggak harus mahal tapi bisa healing tipis-tipis. Jagoan Depok, merapat! Ada inspirasi kerjaan baru buat kalian dari @azizahmira üòõ | Get Started

@getstarted.narasi

#Narasi #JadiPaham #GSKolaborator #GetStarted #StartWhereYouAt",2022-05-27 15:01:31,https://instagram.fcgk37-2.fna.fbcdn.net/v/t50.2886-16/283708713_1036799113895953_626352101952406424_n.mp4?efg=eyJ2ZW5jb2RlX3RhZyI6InZ0c192b2RfdXJsZ2VuLjQ4MC5jbGlwcy5iYXNlbGluZSIsInFlX2dyb3VwcyI6IltcImlnX3dlYl9kZWxpdmVyeV92dHNfb3RmXCJdIn0&_nc_ht=instagram.fcgk37-2.fna.fbcdn.net&_nc_cat=101&_nc_ohc=9IM2QGloh-EAX9S-0C4&edm=ACHbZRIBAAAA&vs=603745567398884_4199861362&_nc_vs=HBksFQAYJEdDa042UkFSSU9PYTlxNERBSmhETVEzclA3RUlicV9FQUFBRhUAAsgBABUAGCRHRUFwN0JDZXYzTGZYSkFGQUU5YjV2VXNXNlZUYnFfRUFBQUYVAgLIAQAoABgAGwAVAAAmgO2r9uXC2j8VAigCQzMsF0BLiHKwIMScGBJkYXNoX2Jhc2VsaW5lXzJfdjERAHX%2BBwA%3D&_nc_rid=9bc7fa7ac1&ccb=7-5&oe=629D4163&oh=00_AT8GAM6ZelrpVgo0Ju_8cmiilGIg8saXQKaQDXyShtN0rg&_nc_sid=4a9e64,322,8072,200663,118047,Reels
CeDCI4LFWaK,narasi.tv,https://www.instagram.com/reel/narasi.tv/video/2847128795592615562_6962813839,38.708,"Kenal Malala? 

Pada 9 Oktober 2012 lampau, saat ia berusia 15 tahun, di bus dalam perjalanan menuju sekolah, Malala ditembak oleh Taliban. Peluru menembus kepalanya. Peristiwa ini membuat dunia gempar.

Setelah pulih, Malala makin lantang bersuara untuk hak-hak perempuan. Ia menerima Nobel Perdamaian saat usianya 17 tahun, menjadi penerima Nobel paling muda saat itu. 

Ia berjuang untuk perubahan. Salut! | WMN by Narasi
@wmnbynarasi 

#BerFlowerBarengWMN #BerFlowerBareng #WMNtribe #WMNbyNarasi #WMNWords #Words! #Malala #Malala #MalalaYousafzai #Kesetaraan #Narasi #JadiPaham",2022-05-27 11:06:50,https://instagram.fcgk37-1.fna.fbcdn.net/v/t50.2886-16/284042419_885877039479943_713779180762548231_n.mp4?efg=eyJ2ZW5jb2RlX3RhZyI6InZ0c192b2RfdXJsZ2VuLjQ4MC5jbGlwcy5iYXNlbGluZSIsInFlX2dyb3VwcyI6IltcImlnX3dlYl9kZWxpdmVyeV92dHNfb3RmXCJdIn0&_nc_ht=instagram.fcgk37-1.fna.fbcdn.net&_nc_cat=107&_nc_ohc=vlI-FoAZqKkAX-iCGHk&tn=eFLwVbSMUqQ_bHKN&edm=ACHbZRIBAAAA&vs=330550995722122_517621979&_nc_vs=HBksFQAYJEdMTWs3aENIdkVCU3N5VURBQWZJYXhWaTJ1Y0picV9FQUFBRhUAAsgBABUAGCRHUDBfNlJBZ3R6R1JoSEVDQUtNRmR6WGVnWUlkYnFfRUFBQUYVAgLIAQAoABgAGwAVAAAmspuLydKP5D8VAigCQzMsF0BDUQYk3S8bGBJkYXNoX2Jhc2VsaW5lXzJfdjERAHX%2BBwA%3D&_nc_rid=9bc7f09664&ccb=7-5&oe=629D6F52&oh=00_AT_zdD9OjKoHhqxVmKUJPyoAYo291UkhPY4Ar1omtOyfrg&_nc_sid=4a9e64,23,4191,66289,37969,Reels
CeC66D9lbvb,narasi.tv,https://www.instagram.com/reel/narasi.tv/video/2847096991133318107_6962813839,16.603,"Baru gajian eh tiba-tiba udah dimintain aja. Pernah gak sih kamu ngalamin kayak gitu? 

Coba kalo berani, tag teman kamu yang hobi ngutang!ü§™ | #InMySotoyOpinion 

#Narasi #JadiPaham #IMSO #PinjamanOnline #Hutang #PinjolIlegal #NarasiOriginal",2022-05-27 10:02:11,https://instagram.fcgk37-1.fna.fbcdn.net/v/t50.2886-16/284053587_791319028697601_286281732298497922_n.mp4?efg=eyJ2ZW5jb2RlX3RhZyI6InZ0c192b2RfdXJsZ2VuLjQ4MC5jbGlwcy5iYXNlbGluZSIsInFlX2dyb3VwcyI6IltcImlnX3dlYl9kZWxpdmVyeV92dHNfb3RmXCJdIn0&_nc_ht=instagram.fcgk37-1.fna.fbcdn.net&_nc_cat=109&_nc_ohc=ZayVtbBHf4AAX9Zhewr&edm=ACHbZRIBAAAA&vs=572018991005992_2654857739&_nc_vs=HBksFQAYJEdGTlE3aEFCQ3B4UnM4OENBSUxmVmZfM0Uta0RicV9FQUFBRhUAAsgBABUAGCRHSUJCOFJEMlE0cFpqeDRFQUFwaGR0LWJPSHAzYnFfRUFBQUYVAgLIAQAoABgAGwAVAAAmmOLsjf7i1EAVAigCQzMsF0AwkOVgQYk3GBJkYXNoX2Jhc2VsaW5lXzJfdjERAHX%2BBwA%3D&_nc_rid=9bc7f690eb&ccb=7-5&oe=629D0AB5&oh=00_AT_xD2ZDSa2DbxlLG8D36HvPwvQ0e4NIA4wTecJn62QMZQ&_nc_sid=4a9e64,15,1589,54767,31448,Reels
CeBMHRkFrDi,narasi.tv,https://www.instagram.com/reel/narasi.tv/video/2846609715928412386_6962813839,58.863,"Coachella bukan sekadar perayaan. Coachella adalah pencapaian para musisi dunia. Bagi sebagian lainnya, hadir di ajang musik paling populer ini juga sebuah impian.

Kalau kamu, punya wishlist nonton konser dan festival musik apa aja nih?

Nonton episode lengkap Mata Najwa di Coachella, sudah tayang di YouTube Najwa Shihab dan website www.narasi.tv.

@grabid

| Mata Najwa
#MelihatLebihDekat #MataNajwa #Coachella #Percaya",2022-05-26 17:54:06,https://instagram.fcgk37-1.fna.fbcdn.net/v/t50.2886-16/283841806_552302403119579_1798186525864386457_n.mp4?efg=eyJ2ZW5jb2RlX3RhZyI6InZ0c192b2RfdXJsZ2VuLjQ4MC5jbGlwcy5iYXNlbGluZSIsInFlX2dyb3VwcyI6IltcImlnX3dlYl9kZWxpdmVyeV92dHNfb3RmXCJdIn0&_nc_ht=instagram.fcgk37-1.fna.fbcdn.net&_nc_cat=111&_nc_ohc=fryX0ix6o0sAX82gwBC&edm=ACHbZRIBAAAA&vs=779460743284720_2073313348&_nc_vs=HBksFQAYJEdBNFY2eERiNll2c1VQWUJBSmxmQ2pvZWNmUVlicV9FQUFBRhUAAsgBABUAGCRHRTZTN3hDZDhqdC0tUWdDQUYxVzZLUkpsUXNqYnFfRUFBQUYVAgLIAQAoABgAGwAVAAAmiqKw9JX41T8VAigCQzMsF0BNZmZmZmZmGBJkYXNoX2Jhc2VsaW5lXzJfdjERAHX%2BBwA%3D&_nc_rid=9bc7fb5aff&ccb=7-5&oe=629CEE5A&oh=00_AT9QKbwytMTJ-USkNMb5d6S-VnSDgwX4F2w8jflTZCzMmg&_nc_sid=4a9e64,2,610,13547,6312,Reels
CeA_5rsl5zl,narasi.tv,https://www.instagram.com/reel/narasi.tv/video/2846556005357559013_6962813839,21.734,"Pasukan crew pas shooting.ü§£

ib: julianadamh

@charissaidan @asminurais kolabortor @narasi.ecosystem

@getstarted.narasi 

#JadiPaham #GetStarted #StartWhereYouAt #Narasi #KolaborsiDiNarasi",2022-05-26 16:06:37,https://instagram.fcgk37-2.fna.fbcdn.net/v/t50.2886-16/284439841_695874614834560_7902680023398881927_n.mp4?efg=eyJ2ZW5jb2RlX3RhZyI6InZ0c192b2RfdXJsZ2VuLjQ4MC5jbGlwcy5iYXNlbGluZSIsInFlX2dyb3VwcyI6IltcImlnX3dlYl9kZWxpdmVyeV92dHNfb3RmXCJdIn0&_nc_ht=instagram.fcgk37-2.fna.fbcdn.net&_nc_cat=104&_nc_ohc=Kxrmy1--FFIAX9QT_p7&tn=eFLwVbSMUqQ_bHKN&edm=ACHbZRIBAAAA&vs=542050530947127_784417980&_nc_vs=HBksFQAYJEdDRTE5QkNBdFRudjVIZ0NBSWNhUkhDYzlhdHRicV9FQUFBRhUAAsgBABUAGCRHQUluOFJDaWVjWXc1eTBCQU1XdHZCVHJjd1JmYnFfRUFBQUYVAgLIAQAoABgAGwAVAAAmvJno85K46T8VAigCQzMsF0A1qn752yLRGBJkYXNoX2Jhc2VsaW5lXzJfdjERAHX%2BBwA%3D&_nc_rid=9bc7ff6356&ccb=7-5&oe=629D1BD1&oh=00_AT8m6GKnewAWk5vnfazg9zwENdxmbW-2FxClmS7BJUHdfA&_nc_sid=4a9e64,102,5024,107291,59133,Reels
CeA5mX8FTPw,narasi.tv,https://www.instagram.com/reel/narasi.tv/video/2846528290193486832_6962813839,56.564,"Hobi mahal biasanya dilakoni oleh orang-orang yang memiliki kemampuan ekonomi yang lumayan, ya walaupun nggak ada larangan siapa aja yang menggelutinya.

Seperti yang dijalani oleh Rizen Panji seorang content writer di salah satu media online dan Mblo Rizki seorang content creator. Pekerjaan yang mereka geluti sekarang ibarat hobi yang dibayar, coba siapa yang kepengen kayak gitu? Nggak tanggung-tanggung, hobinya pun juga nggak murahan pula.

#NamanyaJugaLyfe #Otomotif #Hobi #NarasiOriginal",2022-05-26 15:12:34,https://instagram.fcgk37-1.fna.fbcdn.net/v/t50.2886-16/284130378_528588092080991_9045527378232992175_n.mp4?efg=eyJ2ZW5jb2RlX3RhZyI6InZ0c192b2RfdXJsZ2VuLjQ4MC5jbGlwcy5iYXNlbGluZSIsInFlX2dyb3VwcyI6IltcImlnX3dlYl9kZWxpdmVyeV92dHNfb3RmXCJdIn0&_nc_ht=instagram.fcgk37-1.fna.fbcdn.net&_nc_cat=111&_nc_ohc=JOAbGsGPHtcAX9Zv9-5&edm=ACHbZRIBAAAA&vs=582218629833273_2218016480&_nc_vs=HBksFQAYJEdFcDg3eEJmQTNhQnZfQUJBSy1ocGFrNUs0aDlicV9FQUFBRhUAAsgBABUAGCRHR0N0OEJDUXZiSWRjdlVCQUk2VUNQOXNJblUzYnFfRUFBQUYVAgLIAQAoABgAGwAVAAAmtISJ0sKN0kAVAigCQzMsF0BMQAAAAAAAGBJkYXNoX2Jhc2VsaW5lXzJfdjERAHX%2BBwA%3D&_nc_rid=9bc7f5bcd0&ccb=7-5&oe=629CAEA9&oh=00_AT_Ix63CUKAsoTc6vvONbOPd_zBf9DYZWt83FMgEA7NB2Q&_nc_sid=4a9e64,8,1437,51142,30018,Reels
